file,image_url,image_src,dest,action,note
/home/ubuntu/pythonProjects/AppSec103-203-FortiADC/content/02Initial Configuration/Task6/index.md,fad-log-settings.png,/home/ubuntu/pythonProjects/AppSec103-203-FortiADC/content/02Initial Configuration/fad-log-settings.png,/home/ubuntu/pythonProjects/AppSec103-203-FortiADC/content/02Initial Configuration/Task6/fad-log-settings.png,dry-run,leaf
/home/ubuntu/pythonProjects/AppSec103-203-FortiADC/content/02Initial Configuration/Task6/index.md,fad-log-settings.png,/home/ubuntu/pythonProjects/AppSec103-203-FortiADC/content/02Initial Configuration/fad-log-settings.png,/home/ubuntu/pythonProjects/AppSec103-203-FortiADC/content/02Initial Configuration/fad-log-settings.png,shortcode-ok,figure-shortcode
/home/ubuntu/pythonProjects/AppSec103-203-FortiADC/content/02Initial Configuration/3_Task2/index.md,fad-real-server.png,/home/ubuntu/pythonProjects/AppSec103-203-FortiADC/content/02Initial Configuration/fad-real-server.png,/home/ubuntu/pythonProjects/AppSec103-203-FortiADC/content/02Initial Configuration/3_Task2/fad-real-server.png,dry-run,leaf
/home/ubuntu/pythonProjects/AppSec103-203-FortiADC/content/02Initial Configuration/3_Task2/index.md,fad-appserver1.png,/home/ubuntu/pythonProjects/AppSec103-203-FortiADC/content/02Initial Configuration/fad-appserver1.png,/home/ubuntu/pythonProjects/AppSec103-203-FortiADC/content/02Initial Configuration/3_Task2/fad-appserver1.png,dry-run,leaf
/home/ubuntu/pythonProjects/AppSec103-203-FortiADC/content/02Initial Configuration/3_Task2/index.md,fad-appserver2.png,/home/ubuntu/pythonProjects/AppSec103-203-FortiADC/content/02Initial Configuration/fad-appserver2.png,/home/ubuntu/pythonProjects/AppSec103-203-FortiADC/content/02Initial Configuration/3_Task2/fad-appserver2.png,dry-run,leaf
/home/ubuntu/pythonProjects/AppSec103-203-FortiADC/content/02Initial Configuration/3_Task2/index.md,fad-real-servers.png,/home/ubuntu/pythonProjects/AppSec103-203-FortiADC/content/02Initial Configuration/fad-real-servers.png,/home/ubuntu/pythonProjects/AppSec103-203-FortiADC/content/02Initial Configuration/3_Task2/fad-real-servers.png,dry-run,leaf
/home/ubuntu/pythonProjects/AppSec103-203-FortiADC/content/02Initial Configuration/3_Task2/index.md,fad-real-server.png,/home/ubuntu/pythonProjects/AppSec103-203-FortiADC/content/02Initial Configuration/fad-real-server.png,/home/ubuntu/pythonProjects/AppSec103-203-FortiADC/content/02Initial Configuration/fad-real-server.png,shortcode-ok,figure-shortcode
/home/ubuntu/pythonProjects/AppSec103-203-FortiADC/content/02Initial Configuration/3_Task2/index.md,fad-appserver1.png,/home/ubuntu/pythonProjects/AppSec103-203-FortiADC/content/02Initial Configuration/fad-appserver1.png,/home/ubuntu/pythonProjects/AppSec103-203-FortiADC/content/02Initial Configuration/fad-appserver1.png,shortcode-ok,figure-shortcode
/home/ubuntu/pythonProjects/AppSec103-203-FortiADC/content/02Initial Configuration/3_Task2/index.md,fad-appserver2.png,/home/ubuntu/pythonProjects/AppSec103-203-FortiADC/content/02Initial Configuration/fad-appserver2.png,/home/ubuntu/pythonProjects/AppSec103-203-FortiADC/content/02Initial Configuration/fad-appserver2.png,shortcode-ok,figure-shortcode
/home/ubuntu/pythonProjects/AppSec103-203-FortiADC/content/02Initial Configuration/3_Task2/index.md,fad-real-servers.png,/home/ubuntu/pythonProjects/AppSec103-203-FortiADC/content/02Initial Configuration/fad-real-servers.png,/home/ubuntu/pythonProjects/AppSec103-203-FortiADC/content/02Initial Configuration/fad-real-servers.png,shortcode-ok,figure-shortcode
/home/ubuntu/pythonProjects/AppSec103-203-FortiADC/content/02Initial Configuration/Task4/index.md,fad-vs.png,/home/ubuntu/pythonProjects/AppSec103-203-FortiADC/content/02Initial Configuration/fad-vs.png,/home/ubuntu/pythonProjects/AppSec103-203-FortiADC/content/02Initial Configuration/Task4/fad-vs.png,dry-run,leaf
/home/ubuntu/pythonProjects/AppSec103-203-FortiADC/content/02Initial Configuration/Task4/index.md,fad-vs-basic.png,/home/ubuntu/pythonProjects/AppSec103-203-FortiADC/content/02Initial Configuration/fad-vs-basic.png,/home/ubuntu/pythonProjects/AppSec103-203-FortiADC/content/02Initial Configuration/Task4/fad-vs-basic.png,dry-run,leaf
/home/ubuntu/pythonProjects/AppSec103-203-FortiADC/content/02Initial Configuration/Task4/index.md,fad-vs-general.png,/home/ubuntu/pythonProjects/AppSec103-203-FortiADC/content/02Initial Configuration/fad-vs-general.png,/home/ubuntu/pythonProjects/AppSec103-203-FortiADC/content/02Initial Configuration/Task4/fad-vs-general.png,dry-run,leaf
/home/ubuntu/pythonProjects/AppSec103-203-FortiADC/content/02Initial Configuration/Task4/index.md,fad-vs-monitoring.png,/home/ubuntu/pythonProjects/AppSec103-203-FortiADC/content/02Initial Configuration/fad-vs-monitoring.png,/home/ubuntu/pythonProjects/AppSec103-203-FortiADC/content/02Initial Configuration/Task4/fad-vs-monitoring.png,dry-run,leaf
/home/ubuntu/pythonProjects/AppSec103-203-FortiADC/content/02Initial Configuration/Task4/index.md,fad-vs.png,/home/ubuntu/pythonProjects/AppSec103-203-FortiADC/content/02Initial Configuration/fad-vs.png,/home/ubuntu/pythonProjects/AppSec103-203-FortiADC/content/02Initial Configuration/Task4/fad-vs.png,dry-run,leaf
/home/ubuntu/pythonProjects/AppSec103-203-FortiADC/content/02Initial Configuration/Task4/index.md,fad-vs-dvwa-basic.png,/home/ubuntu/pythonProjects/AppSec103-203-FortiADC/content/02Initial Configuration/fad-vs-dvwa-basic.png,/home/ubuntu/pythonProjects/AppSec103-203-FortiADC/content/02Initial Configuration/Task4/fad-vs-dvwa-basic.png,dry-run,leaf
/home/ubuntu/pythonProjects/AppSec103-203-FortiADC/content/02Initial Configuration/Task4/index.md,fad-vs-dvwa-general.png,/home/ubuntu/pythonProjects/AppSec103-203-FortiADC/content/02Initial Configuration/fad-vs-dvwa-general.png,/home/ubuntu/pythonProjects/AppSec103-203-FortiADC/content/02Initial Configuration/Task4/fad-vs-dvwa-general.png,dry-run,leaf
/home/ubuntu/pythonProjects/AppSec103-203-FortiADC/content/02Initial Configuration/Task4/index.md,fad-vs-dvwa-monitoring.png,/home/ubuntu/pythonProjects/AppSec103-203-FortiADC/content/02Initial Configuration/fad-vs-dvwa-monitoring.png,/home/ubuntu/pythonProjects/AppSec103-203-FortiADC/content/02Initial Configuration/Task4/fad-vs-dvwa-monitoring.png,dry-run,leaf
/home/ubuntu/pythonProjects/AppSec103-203-FortiADC/content/02Initial Configuration/Task4/index.md,fad-logical-topo.png,/home/ubuntu/pythonProjects/AppSec103-203-FortiADC/content/02Initial Configuration/fad-logical-topo.png,/home/ubuntu/pythonProjects/AppSec103-203-FortiADC/content/02Initial Configuration/Task4/fad-logical-topo.png,dry-run,leaf
/home/ubuntu/pythonProjects/AppSec103-203-FortiADC/content/02Initial Configuration/Task4/index.md,fad-vs.png,/home/ubuntu/pythonProjects/AppSec103-203-FortiADC/content/02Initial Configuration/fad-vs.png,/home/ubuntu/pythonProjects/AppSec103-203-FortiADC/content/02Initial Configuration/fad-vs.png,shortcode-ok,figure-shortcode
/home/ubuntu/pythonProjects/AppSec103-203-FortiADC/content/02Initial Configuration/Task4/index.md,fad-vs-basic.png,/home/ubuntu/pythonProjects/AppSec103-203-FortiADC/content/02Initial Configuration/fad-vs-basic.png,/home/ubuntu/pythonProjects/AppSec103-203-FortiADC/content/02Initial Configuration/fad-vs-basic.png,shortcode-ok,figure-shortcode
/home/ubuntu/pythonProjects/AppSec103-203-FortiADC/content/02Initial Configuration/Task4/index.md,fad-vs-general.png,/home/ubuntu/pythonProjects/AppSec103-203-FortiADC/content/02Initial Configuration/fad-vs-general.png,/home/ubuntu/pythonProjects/AppSec103-203-FortiADC/content/02Initial Configuration/fad-vs-general.png,shortcode-ok,figure-shortcode
/home/ubuntu/pythonProjects/AppSec103-203-FortiADC/content/02Initial Configuration/Task4/index.md,fad-vs-monitoring.png,/home/ubuntu/pythonProjects/AppSec103-203-FortiADC/content/02Initial Configuration/fad-vs-monitoring.png,/home/ubuntu/pythonProjects/AppSec103-203-FortiADC/content/02Initial Configuration/fad-vs-monitoring.png,shortcode-ok,figure-shortcode
/home/ubuntu/pythonProjects/AppSec103-203-FortiADC/content/02Initial Configuration/Task4/index.md,fad-vs.png,/home/ubuntu/pythonProjects/AppSec103-203-FortiADC/content/02Initial Configuration/fad-vs.png,/home/ubuntu/pythonProjects/AppSec103-203-FortiADC/content/02Initial Configuration/fad-vs.png,shortcode-ok,figure-shortcode
/home/ubuntu/pythonProjects/AppSec103-203-FortiADC/content/02Initial Configuration/Task4/index.md,fad-vs-dvwa-basic.png,/home/ubuntu/pythonProjects/AppSec103-203-FortiADC/content/02Initial Configuration/fad-vs-dvwa-basic.png,/home/ubuntu/pythonProjects/AppSec103-203-FortiADC/content/02Initial Configuration/fad-vs-dvwa-basic.png,shortcode-ok,figure-shortcode
/home/ubuntu/pythonProjects/AppSec103-203-FortiADC/content/02Initial Configuration/Task4/index.md,fad-vs-dvwa-general.png,/home/ubuntu/pythonProjects/AppSec103-203-FortiADC/content/02Initial Configuration/fad-vs-dvwa-general.png,/home/ubuntu/pythonProjects/AppSec103-203-FortiADC/content/02Initial Configuration/fad-vs-dvwa-general.png,shortcode-ok,figure-shortcode
/home/ubuntu/pythonProjects/AppSec103-203-FortiADC/content/02Initial Configuration/Task4/index.md,fad-vs-dvwa-monitoring.png,/home/ubuntu/pythonProjects/AppSec103-203-FortiADC/content/02Initial Configuration/fad-vs-dvwa-monitoring.png,/home/ubuntu/pythonProjects/AppSec103-203-FortiADC/content/02Initial Configuration/fad-vs-dvwa-monitoring.png,shortcode-ok,figure-shortcode
/home/ubuntu/pythonProjects/AppSec103-203-FortiADC/content/02Initial Configuration/Task4/index.md,fad-logical-topo.png,/home/ubuntu/pythonProjects/AppSec103-203-FortiADC/content/02Initial Configuration/fad-logical-topo.png,/home/ubuntu/pythonProjects/AppSec103-203-FortiADC/content/02Initial Configuration/fad-logical-topo.png,shortcode-ok,figure-shortcode
/home/ubuntu/pythonProjects/AppSec103-203-FortiADC/content/02Initial Configuration/1_Task0/index.md,fad-logical-w-ips.png,/home/ubuntu/pythonProjects/AppSec103-203-FortiADC/content/02Initial Configuration/fad-logical-w-ips.png,/home/ubuntu/pythonProjects/AppSec103-203-FortiADC/content/02Initial Configuration/1_Task0/fad-logical-w-ips.png,dry-run,leaf
/home/ubuntu/pythonProjects/AppSec103-203-FortiADC/content/02Initial Configuration/1_Task0/index.md,registration.png,/home/ubuntu/pythonProjects/AppSec103-203-FortiADC/content/02Initial Configuration/registration.png,/home/ubuntu/pythonProjects/AppSec103-203-FortiADC/content/02Initial Configuration/1_Task0/registration.png,dry-run,leaf
/home/ubuntu/pythonProjects/AppSec103-203-FortiADC/content/02Initial Configuration/1_Task0/index.md,bastion.png,/home/ubuntu/pythonProjects/AppSec103-203-FortiADC/content/02Initial Configuration/bastion.png,/home/ubuntu/pythonProjects/AppSec103-203-FortiADC/content/02Initial Configuration/1_Task0/bastion.png,dry-run,leaf
/home/ubuntu/pythonProjects/AppSec103-203-FortiADC/content/02Initial Configuration/1_Task0/index.md,netstat.png,/home/ubuntu/pythonProjects/AppSec103-203-FortiADC/content/02Initial Configuration/netstat.png,/home/ubuntu/pythonProjects/AppSec103-203-FortiADC/content/02Initial Configuration/1_Task0/netstat.png,dry-run,leaf
/home/ubuntu/pythonProjects/AppSec103-203-FortiADC/content/02Initial Configuration/1_Task0/index.md,netstat.png,/home/ubuntu/pythonProjects/AppSec103-203-FortiADC/content/02Initial Configuration/netstat.png,/home/ubuntu/pythonProjects/AppSec103-203-FortiADC/content/02Initial Configuration/1_Task0/netstat.png,dry-run,leaf
/home/ubuntu/pythonProjects/AppSec103-203-FortiADC/content/02Initial Configuration/1_Task0/index.md,fad-wizard-1.png,/home/ubuntu/pythonProjects/AppSec103-203-FortiADC/content/02Initial Configuration/fad-wizard-1.png,/home/ubuntu/pythonProjects/AppSec103-203-FortiADC/content/02Initial Configuration/1_Task0/fad-wizard-1.png,dry-run,leaf
/home/ubuntu/pythonProjects/AppSec103-203-FortiADC/content/02Initial Configuration/1_Task0/index.md,highlights-wizard.png,/home/ubuntu/pythonProjects/AppSec103-203-FortiADC/content/02Initial Configuration/highlights-wizard.png,/home/ubuntu/pythonProjects/AppSec103-203-FortiADC/content/02Initial Configuration/1_Task0/highlights-wizard.png,dry-run,leaf
/home/ubuntu/pythonProjects/AppSec103-203-FortiADC/content/02Initial Configuration/1_Task0/index.md,fad-logical-w-ips.png,/home/ubuntu/pythonProjects/AppSec103-203-FortiADC/content/02Initial Configuration/fad-logical-w-ips.png,/home/ubuntu/pythonProjects/AppSec103-203-FortiADC/content/02Initial Configuration/fad-logical-w-ips.png,shortcode-ok,figure-shortcode
/home/ubuntu/pythonProjects/AppSec103-203-FortiADC/content/02Initial Configuration/1_Task0/index.md,registration.png,/home/ubuntu/pythonProjects/AppSec103-203-FortiADC/content/02Initial Configuration/registration.png,/home/ubuntu/pythonProjects/AppSec103-203-FortiADC/content/02Initial Configuration/registration.png,shortcode-ok,figure-shortcode
/home/ubuntu/pythonProjects/AppSec103-203-FortiADC/content/02Initial Configuration/1_Task0/index.md,bastion.png,/home/ubuntu/pythonProjects/AppSec103-203-FortiADC/content/02Initial Configuration/bastion.png,/home/ubuntu/pythonProjects/AppSec103-203-FortiADC/content/02Initial Configuration/bastion.png,shortcode-ok,figure-shortcode
/home/ubuntu/pythonProjects/AppSec103-203-FortiADC/content/02Initial Configuration/1_Task0/index.md,netstat.png,/home/ubuntu/pythonProjects/AppSec103-203-FortiADC/content/02Initial Configuration/netstat.png,/home/ubuntu/pythonProjects/AppSec103-203-FortiADC/content/02Initial Configuration/netstat.png,shortcode-ok,figure-shortcode
/home/ubuntu/pythonProjects/AppSec103-203-FortiADC/content/02Initial Configuration/1_Task0/index.md,netstat.png,/home/ubuntu/pythonProjects/AppSec103-203-FortiADC/content/02Initial Configuration/netstat.png,/home/ubuntu/pythonProjects/AppSec103-203-FortiADC/content/02Initial Configuration/netstat.png,shortcode-ok,figure-shortcode
/home/ubuntu/pythonProjects/AppSec103-203-FortiADC/content/02Initial Configuration/1_Task0/index.md,fad-wizard-1.png,/home/ubuntu/pythonProjects/AppSec103-203-FortiADC/content/02Initial Configuration/fad-wizard-1.png,/home/ubuntu/pythonProjects/AppSec103-203-FortiADC/content/02Initial Configuration/fad-wizard-1.png,shortcode-ok,figure-shortcode
/home/ubuntu/pythonProjects/AppSec103-203-FortiADC/content/02Initial Configuration/1_Task0/index.md,highlights-wizard.png,/home/ubuntu/pythonProjects/AppSec103-203-FortiADC/content/02Initial Configuration/highlights-wizard.png,/home/ubuntu/pythonProjects/AppSec103-203-FortiADC/content/02Initial Configuration/highlights-wizard.png,shortcode-ok,figure-shortcode
/home/ubuntu/pythonProjects/AppSec103-203-FortiADC/content/02Initial Configuration/4_Task3/index.md,fad-serverpool.png,/home/ubuntu/pythonProjects/AppSec103-203-FortiADC/content/02Initial Configuration/fad-serverpool.png,/home/ubuntu/pythonProjects/AppSec103-203-FortiADC/content/02Initial Configuration/4_Task3/fad-serverpool.png,dry-run,leaf
/home/ubuntu/pythonProjects/AppSec103-203-FortiADC/content/02Initial Configuration/4_Task3/index.md,fad-serverpool1.png,/home/ubuntu/pythonProjects/AppSec103-203-FortiADC/content/02Initial Configuration/fad-serverpool1.png,/home/ubuntu/pythonProjects/AppSec103-203-FortiADC/content/02Initial Configuration/4_Task3/fad-serverpool1.png,dry-run,leaf
/home/ubuntu/pythonProjects/AppSec103-203-FortiADC/content/02Initial Configuration/4_Task3/index.md,fad-serverpool2.png,/home/ubuntu/pythonProjects/AppSec103-203-FortiADC/content/02Initial Configuration/fad-serverpool2.png,/home/ubuntu/pythonProjects/AppSec103-203-FortiADC/content/02Initial Configuration/4_Task3/fad-serverpool2.png,dry-run,leaf
/home/ubuntu/pythonProjects/AppSec103-203-FortiADC/content/02Initial Configuration/4_Task3/index.md,pool-mbr1a.png,/home/ubuntu/pythonProjects/AppSec103-203-FortiADC/content/02Initial Configuration/pool-mbr1a.png,/home/ubuntu/pythonProjects/AppSec103-203-FortiADC/content/02Initial Configuration/4_Task3/pool-mbr1a.png,dry-run,leaf
/home/ubuntu/pythonProjects/AppSec103-203-FortiADC/content/02Initial Configuration/4_Task3/index.md,pool-mbr2a.png,/home/ubuntu/pythonProjects/AppSec103-203-FortiADC/content/02Initial Configuration/pool-mbr2a.png,/home/ubuntu/pythonProjects/AppSec103-203-FortiADC/content/02Initial Configuration/4_Task3/pool-mbr2a.png,dry-run,leaf
/home/ubuntu/pythonProjects/AppSec103-203-FortiADC/content/02Initial Configuration/4_Task3/index.md,finished-svr-pool1.png,/home/ubuntu/pythonProjects/AppSec103-203-FortiADC/content/02Initial Configuration/finished-svr-pool1.png,/home/ubuntu/pythonProjects/AppSec103-203-FortiADC/content/02Initial Configuration/4_Task3/finished-svr-pool1.png,dry-run,leaf
/home/ubuntu/pythonProjects/AppSec103-203-FortiADC/content/02Initial Configuration/4_Task3/index.md,svr-dvwa1.png,/home/ubuntu/pythonProjects/AppSec103-203-FortiADC/content/02Initial Configuration/svr-dvwa1.png,/home/ubuntu/pythonProjects/AppSec103-203-FortiADC/content/02Initial Configuration/4_Task3/svr-dvwa1.png,dry-run,leaf
/home/ubuntu/pythonProjects/AppSec103-203-FortiADC/content/02Initial Configuration/4_Task3/index.md,svr-dvwa2.png,/home/ubuntu/pythonProjects/AppSec103-203-FortiADC/content/02Initial Configuration/svr-dvwa2.png,/home/ubuntu/pythonProjects/AppSec103-203-FortiADC/content/02Initial Configuration/4_Task3/svr-dvwa2.png,dry-run,leaf
/home/ubuntu/pythonProjects/AppSec103-203-FortiADC/content/02Initial Configuration/4_Task3/index.md,fad-serverpool.png,/home/ubuntu/pythonProjects/AppSec103-203-FortiADC/content/02Initial Configuration/fad-serverpool.png,/home/ubuntu/pythonProjects/AppSec103-203-FortiADC/content/02Initial Configuration/4_Task3/fad-serverpool.png,dry-run,leaf
/home/ubuntu/pythonProjects/AppSec103-203-FortiADC/content/02Initial Configuration/4_Task3/index.md,dvwa-svrpool.png,/home/ubuntu/pythonProjects/AppSec103-203-FortiADC/content/02Initial Configuration/dvwa-svrpool.png,/home/ubuntu/pythonProjects/AppSec103-203-FortiADC/content/02Initial Configuration/4_Task3/dvwa-svrpool.png,dry-run,leaf
/home/ubuntu/pythonProjects/AppSec103-203-FortiADC/content/02Initial Configuration/4_Task3/index.md,dvwa-pool-8080.png,/home/ubuntu/pythonProjects/AppSec103-203-FortiADC/content/02Initial Configuration/dvwa-pool-8080.png,/home/ubuntu/pythonProjects/AppSec103-203-FortiADC/content/02Initial Configuration/4_Task3/dvwa-pool-8080.png,dry-run,leaf
/home/ubuntu/pythonProjects/AppSec103-203-FortiADC/content/02Initial Configuration/4_Task3/index.md,fad-serverpool.png,/home/ubuntu/pythonProjects/AppSec103-203-FortiADC/content/02Initial Configuration/fad-serverpool.png,/home/ubuntu/pythonProjects/AppSec103-203-FortiADC/content/02Initial Configuration/fad-serverpool.png,shortcode-ok,figure-shortcode
/home/ubuntu/pythonProjects/AppSec103-203-FortiADC/content/02Initial Configuration/4_Task3/index.md,fad-serverpool1.png,/home/ubuntu/pythonProjects/AppSec103-203-FortiADC/content/02Initial Configuration/fad-serverpool1.png,/home/ubuntu/pythonProjects/AppSec103-203-FortiADC/content/02Initial Configuration/fad-serverpool1.png,shortcode-ok,figure-shortcode
/home/ubuntu/pythonProjects/AppSec103-203-FortiADC/content/02Initial Configuration/4_Task3/index.md,fad-serverpool2.png,/home/ubuntu/pythonProjects/AppSec103-203-FortiADC/content/02Initial Configuration/fad-serverpool2.png,/home/ubuntu/pythonProjects/AppSec103-203-FortiADC/content/02Initial Configuration/fad-serverpool2.png,shortcode-ok,figure-shortcode
/home/ubuntu/pythonProjects/AppSec103-203-FortiADC/content/02Initial Configuration/4_Task3/index.md,pool-mbr1a.png,/home/ubuntu/pythonProjects/AppSec103-203-FortiADC/content/02Initial Configuration/pool-mbr1a.png,/home/ubuntu/pythonProjects/AppSec103-203-FortiADC/content/02Initial Configuration/pool-mbr1a.png,shortcode-ok,figure-shortcode
/home/ubuntu/pythonProjects/AppSec103-203-FortiADC/content/02Initial Configuration/4_Task3/index.md,pool-mbr2a.png,/home/ubuntu/pythonProjects/AppSec103-203-FortiADC/content/02Initial Configuration/pool-mbr2a.png,/home/ubuntu/pythonProjects/AppSec103-203-FortiADC/content/02Initial Configuration/pool-mbr2a.png,shortcode-ok,figure-shortcode
/home/ubuntu/pythonProjects/AppSec103-203-FortiADC/content/02Initial Configuration/4_Task3/index.md,finished-svr-pool1.png,/home/ubuntu/pythonProjects/AppSec103-203-FortiADC/content/02Initial Configuration/finished-svr-pool1.png,/home/ubuntu/pythonProjects/AppSec103-203-FortiADC/content/02Initial Configuration/finished-svr-pool1.png,shortcode-ok,figure-shortcode
/home/ubuntu/pythonProjects/AppSec103-203-FortiADC/content/02Initial Configuration/4_Task3/index.md,svr-dvwa1.png,/home/ubuntu/pythonProjects/AppSec103-203-FortiADC/content/02Initial Configuration/svr-dvwa1.png,/home/ubuntu/pythonProjects/AppSec103-203-FortiADC/content/02Initial Configuration/svr-dvwa1.png,shortcode-ok,figure-shortcode
/home/ubuntu/pythonProjects/AppSec103-203-FortiADC/content/02Initial Configuration/4_Task3/index.md,svr-dvwa2.png,/home/ubuntu/pythonProjects/AppSec103-203-FortiADC/content/02Initial Configuration/svr-dvwa2.png,/home/ubuntu/pythonProjects/AppSec103-203-FortiADC/content/02Initial Configuration/svr-dvwa2.png,shortcode-ok,figure-shortcode
/home/ubuntu/pythonProjects/AppSec103-203-FortiADC/content/02Initial Configuration/4_Task3/index.md,fad-serverpool.png,/home/ubuntu/pythonProjects/AppSec103-203-FortiADC/content/02Initial Configuration/fad-serverpool.png,/home/ubuntu/pythonProjects/AppSec103-203-FortiADC/content/02Initial Configuration/fad-serverpool.png,shortcode-ok,figure-shortcode
/home/ubuntu/pythonProjects/AppSec103-203-FortiADC/content/02Initial Configuration/4_Task3/index.md,dvwa-svrpool.png,/home/ubuntu/pythonProjects/AppSec103-203-FortiADC/content/02Initial Configuration/dvwa-svrpool.png,/home/ubuntu/pythonProjects/AppSec103-203-FortiADC/content/02Initial Configuration/dvwa-svrpool.png,shortcode-ok,figure-shortcode
/home/ubuntu/pythonProjects/AppSec103-203-FortiADC/content/02Initial Configuration/4_Task3/index.md,dvwa-pool-8080.png,/home/ubuntu/pythonProjects/AppSec103-203-FortiADC/content/02Initial Configuration/dvwa-pool-8080.png,/home/ubuntu/pythonProjects/AppSec103-203-FortiADC/content/02Initial Configuration/dvwa-pool-8080.png,shortcode-ok,figure-shortcode
/home/ubuntu/pythonProjects/AppSec103-203-FortiADC/content/02Initial Configuration/2_Task1/index.md,fad-shared-resources.png,/home/ubuntu/pythonProjects/AppSec103-203-FortiADC/content/02Initial Configuration/fad-shared-resources.png,/home/ubuntu/pythonProjects/AppSec103-203-FortiADC/content/02Initial Configuration/2_Task1/fad-shared-resources.png,dry-run,leaf
/home/ubuntu/pythonProjects/AppSec103-203-FortiADC/content/02Initial Configuration/2_Task1/index.md,web-app-healthck.png,/home/ubuntu/pythonProjects/AppSec103-203-FortiADC/content/02Initial Configuration/web-app-healthck.png,/home/ubuntu/pythonProjects/AppSec103-203-FortiADC/content/02Initial Configuration/2_Task1/web-app-healthck.png,dry-run,leaf
/home/ubuntu/pythonProjects/AppSec103-203-FortiADC/content/02Initial Configuration/2_Task1/index.md,fad-shared-resources.png,/home/ubuntu/pythonProjects/AppSec103-203-FortiADC/content/02Initial Configuration/fad-shared-resources.png,/home/ubuntu/pythonProjects/AppSec103-203-FortiADC/content/02Initial Configuration/fad-shared-resources.png,shortcode-ok,figure-shortcode
/home/ubuntu/pythonProjects/AppSec103-203-FortiADC/content/02Initial Configuration/2_Task1/index.md,web-app-healthck.png,/home/ubuntu/pythonProjects/AppSec103-203-FortiADC/content/02Initial Configuration/web-app-healthck.png,/home/ubuntu/pythonProjects/AppSec103-203-FortiADC/content/02Initial Configuration/web-app-healthck.png,shortcode-ok,figure-shortcode
/home/ubuntu/pythonProjects/AppSec103-203-FortiADC/content/02Initial Configuration/_index.md,network-topo-2.png,/home/ubuntu/pythonProjects/AppSec103-203-FortiADC/content/02Initial Configuration/network-topo-2.png,/home/ubuntu/pythonProjects/AppSec103-203-FortiADC/content/02Initial Configuration/network-topo-2.png,exists,section
/home/ubuntu/pythonProjects/AppSec103-203-FortiADC/content/02Initial Configuration/_index.md,network-topo-2.png,/home/ubuntu/pythonProjects/AppSec103-203-FortiADC/content/02Initial Configuration/network-topo-2.png,/home/ubuntu/pythonProjects/AppSec103-203-FortiADC/content/02Initial Configuration/network-topo-2.png,shortcode-ok,figure-shortcode
/home/ubuntu/pythonProjects/AppSec103-203-FortiADC/content/02Initial Configuration/Task5/index.md,juiceshop-test.png,/home/ubuntu/pythonProjects/AppSec103-203-FortiADC/content/02Initial Configuration/juiceshop-test.png,/home/ubuntu/pythonProjects/AppSec103-203-FortiADC/content/02Initial Configuration/Task5/juiceshop-test.png,dry-run,leaf
/home/ubuntu/pythonProjects/AppSec103-203-FortiADC/content/02Initial Configuration/Task5/index.md,dvwa-test.png,/home/ubuntu/pythonProjects/AppSec103-203-FortiADC/content/02Initial Configuration/dvwa-test.png,/home/ubuntu/pythonProjects/AppSec103-203-FortiADC/content/02Initial Configuration/Task5/dvwa-test.png,dry-run,leaf
/home/ubuntu/pythonProjects/AppSec103-203-FortiADC/content/02Initial Configuration/Task5/index.md,juiceshop-test.png,/home/ubuntu/pythonProjects/AppSec103-203-FortiADC/content/02Initial Configuration/juiceshop-test.png,/home/ubuntu/pythonProjects/AppSec103-203-FortiADC/content/02Initial Configuration/juiceshop-test.png,shortcode-ok,figure-shortcode
/home/ubuntu/pythonProjects/AppSec103-203-FortiADC/content/02Initial Configuration/Task5/index.md,dvwa-test.png,/home/ubuntu/pythonProjects/AppSec103-203-FortiADC/content/02Initial Configuration/dvwa-test.png,/home/ubuntu/pythonProjects/AppSec103-203-FortiADC/content/02Initial Configuration/dvwa-test.png,shortcode-ok,figure-shortcode
/home/ubuntu/pythonProjects/AppSec103-203-FortiADC/content/04Chapter4/_index.md,logs-dashboard-1.png,/home/ubuntu/pythonProjects/AppSec103-203-FortiADC/content/04Chapter4/logs-dashboard-1.png,/home/ubuntu/pythonProjects/AppSec103-203-FortiADC/content/04Chapter4/logs-dashboard-1.png,exists,section
/home/ubuntu/pythonProjects/AppSec103-203-FortiADC/content/04Chapter4/_index.md,logs-dashboard-2.png,/home/ubuntu/pythonProjects/AppSec103-203-FortiADC/content/04Chapter4/logs-dashboard-2.png,/home/ubuntu/pythonProjects/AppSec103-203-FortiADC/content/04Chapter4/logs-dashboard-2.png,exists,section
/home/ubuntu/pythonProjects/AppSec103-203-FortiADC/content/04Chapter4/_index.md,logs-dashboard-3.png,/home/ubuntu/pythonProjects/AppSec103-203-FortiADC/content/04Chapter4/logs-dashboard-3.png,/home/ubuntu/pythonProjects/AppSec103-203-FortiADC/content/04Chapter4/logs-dashboard-3.png,exists,section
/home/ubuntu/pythonProjects/AppSec103-203-FortiADC/content/04Chapter4/_index.md,logs-dashboard-1.png,/home/ubuntu/pythonProjects/AppSec103-203-FortiADC/content/04Chapter4/logs-dashboard-1.png,/home/ubuntu/pythonProjects/AppSec103-203-FortiADC/content/04Chapter4/logs-dashboard-1.png,shortcode-ok,figure-shortcode
/home/ubuntu/pythonProjects/AppSec103-203-FortiADC/content/04Chapter4/_index.md,logs-dashboard-2.png,/home/ubuntu/pythonProjects/AppSec103-203-FortiADC/content/04Chapter4/logs-dashboard-2.png,/home/ubuntu/pythonProjects/AppSec103-203-FortiADC/content/04Chapter4/logs-dashboard-2.png,shortcode-ok,figure-shortcode
/home/ubuntu/pythonProjects/AppSec103-203-FortiADC/content/04Chapter4/_index.md,logs-dashboard-3.png,/home/ubuntu/pythonProjects/AppSec103-203-FortiADC/content/04Chapter4/logs-dashboard-3.png,/home/ubuntu/pythonProjects/AppSec103-203-FortiADC/content/04Chapter4/logs-dashboard-3.png,shortcode-ok,figure-shortcode
/home/ubuntu/pythonProjects/AppSec103-203-FortiADC/content/00ChangeLog/_index.md,aag.png,/home/ubuntu/pythonProjects/AppSec103-203-FortiADC/content/00ChangeLog/aag.png,/home/ubuntu/pythonProjects/AppSec103-203-FortiADC/content/00ChangeLog/aag.png,exists,section
/home/ubuntu/pythonProjects/AppSec103-203-FortiADC/content/00ChangeLog/_index.md,aag.png,/home/ubuntu/pythonProjects/AppSec103-203-FortiADC/content/00ChangeLog/aag.png,/home/ubuntu/pythonProjects/AppSec103-203-FortiADC/content/00ChangeLog/aag.png,shortcode-ok,figure-shortcode
/home/ubuntu/pythonProjects/AppSec103-203-FortiADC/content/03Chapter3/7_Task6/index.md,DVWA-Adaptive-Learning8.png,/home/ubuntu/pythonProjects/AppSec103-203-FortiADC/content/03Chapter3/DVWA-Adaptive-Learning8.png,/home/ubuntu/pythonProjects/AppSec103-203-FortiADC/content/03Chapter3/7_Task6/DVWA-Adaptive-Learning8.png,dry-run,leaf
/home/ubuntu/pythonProjects/AppSec103-203-FortiADC/content/03Chapter3/7_Task6/index.md,DVWA-Adaptive-Learning9.png,/home/ubuntu/pythonProjects/AppSec103-203-FortiADC/content/03Chapter3/DVWA-Adaptive-Learning9.png,/home/ubuntu/pythonProjects/AppSec103-203-FortiADC/content/03Chapter3/7_Task6/DVWA-Adaptive-Learning9.png,dry-run,leaf
/home/ubuntu/pythonProjects/AppSec103-203-FortiADC/content/03Chapter3/7_Task6/index.md,DVWA-Adaptive-Learning10.png,/home/ubuntu/pythonProjects/AppSec103-203-FortiADC/content/03Chapter3/DVWA-Adaptive-Learning10.png,/home/ubuntu/pythonProjects/AppSec103-203-FortiADC/content/03Chapter3/7_Task6/DVWA-Adaptive-Learning10.png,dry-run,leaf
/home/ubuntu/pythonProjects/AppSec103-203-FortiADC/content/03Chapter3/7_Task6/index.md,Ubuntu-Client-1.png,/home/ubuntu/pythonProjects/AppSec103-203-FortiADC/content/03Chapter3/Ubuntu-Client-1.png,/home/ubuntu/pythonProjects/AppSec103-203-FortiADC/content/03Chapter3/7_Task6/Ubuntu-Client-1.png,dry-run,leaf
/home/ubuntu/pythonProjects/AppSec103-203-FortiADC/content/03Chapter3/7_Task6/index.md,Ubuntu-Client-2.png,/home/ubuntu/pythonProjects/AppSec103-203-FortiADC/content/03Chapter3/Ubuntu-Client-2.png,/home/ubuntu/pythonProjects/AppSec103-203-FortiADC/content/03Chapter3/7_Task6/Ubuntu-Client-2.png,dry-run,leaf
/home/ubuntu/pythonProjects/AppSec103-203-FortiADC/content/03Chapter3/7_Task6/index.md,DVWA-Adaptive-Learning11.png,/home/ubuntu/pythonProjects/AppSec103-203-FortiADC/content/03Chapter3/DVWA-Adaptive-Learning11.png,/home/ubuntu/pythonProjects/AppSec103-203-FortiADC/content/03Chapter3/7_Task6/DVWA-Adaptive-Learning11.png,dry-run,leaf
/home/ubuntu/pythonProjects/AppSec103-203-FortiADC/content/03Chapter3/7_Task6/index.md,DVWA-Adaptive-Learning12.png,/home/ubuntu/pythonProjects/AppSec103-203-FortiADC/content/03Chapter3/DVWA-Adaptive-Learning12.png,/home/ubuntu/pythonProjects/AppSec103-203-FortiADC/content/03Chapter3/7_Task6/DVWA-Adaptive-Learning12.png,dry-run,leaf
/home/ubuntu/pythonProjects/AppSec103-203-FortiADC/content/03Chapter3/7_Task6/index.md,DVWA-Adaptive-Learning13.png,/home/ubuntu/pythonProjects/AppSec103-203-FortiADC/content/03Chapter3/DVWA-Adaptive-Learning13.png,/home/ubuntu/pythonProjects/AppSec103-203-FortiADC/content/03Chapter3/7_Task6/DVWA-Adaptive-Learning13.png,dry-run,leaf
/home/ubuntu/pythonProjects/AppSec103-203-FortiADC/content/03Chapter3/7_Task6/index.md,DVWA-Adaptive-Learning14.png,/home/ubuntu/pythonProjects/AppSec103-203-FortiADC/content/03Chapter3/DVWA-Adaptive-Learning14.png,/home/ubuntu/pythonProjects/AppSec103-203-FortiADC/content/03Chapter3/7_Task6/DVWA-Adaptive-Learning14.png,dry-run,leaf
/home/ubuntu/pythonProjects/AppSec103-203-FortiADC/content/03Chapter3/7_Task6/index.md,DVWA-Adaptive-Learning15.png,/home/ubuntu/pythonProjects/AppSec103-203-FortiADC/content/03Chapter3/DVWA-Adaptive-Learning15.png,/home/ubuntu/pythonProjects/AppSec103-203-FortiADC/content/03Chapter3/7_Task6/DVWA-Adaptive-Learning15.png,dry-run,leaf
/home/ubuntu/pythonProjects/AppSec103-203-FortiADC/content/03Chapter3/7_Task6/index.md,DVWA-Adaptive-Learning16.png,/home/ubuntu/pythonProjects/AppSec103-203-FortiADC/content/03Chapter3/DVWA-Adaptive-Learning16.png,/home/ubuntu/pythonProjects/AppSec103-203-FortiADC/content/03Chapter3/7_Task6/DVWA-Adaptive-Learning16.png,dry-run,leaf
/home/ubuntu/pythonProjects/AppSec103-203-FortiADC/content/03Chapter3/7_Task6/index.md,DVWA-Adaptive-Learning18.png,/home/ubuntu/pythonProjects/AppSec103-203-FortiADC/content/03Chapter3/DVWA-Adaptive-Learning18.png,/home/ubuntu/pythonProjects/AppSec103-203-FortiADC/content/03Chapter3/7_Task6/DVWA-Adaptive-Learning18.png,dry-run,leaf
/home/ubuntu/pythonProjects/AppSec103-203-FortiADC/content/03Chapter3/7_Task6/index.md,DVWA-Adaptive-Learning17.png,/home/ubuntu/pythonProjects/AppSec103-203-FortiADC/content/03Chapter3/DVWA-Adaptive-Learning17.png,/home/ubuntu/pythonProjects/AppSec103-203-FortiADC/content/03Chapter3/7_Task6/DVWA-Adaptive-Learning17.png,dry-run,leaf
/home/ubuntu/pythonProjects/AppSec103-203-FortiADC/content/03Chapter3/7_Task6/index.md,DVWA-Adaptive-Learning19.png,/home/ubuntu/pythonProjects/AppSec103-203-FortiADC/content/03Chapter3/DVWA-Adaptive-Learning19.png,/home/ubuntu/pythonProjects/AppSec103-203-FortiADC/content/03Chapter3/7_Task6/DVWA-Adaptive-Learning19.png,dry-run,leaf
/home/ubuntu/pythonProjects/AppSec103-203-FortiADC/content/03Chapter3/7_Task6/index.md,DVWA-Adaptive-Learning20.png,/home/ubuntu/pythonProjects/AppSec103-203-FortiADC/content/03Chapter3/DVWA-Adaptive-Learning20.png,/home/ubuntu/pythonProjects/AppSec103-203-FortiADC/content/03Chapter3/7_Task6/DVWA-Adaptive-Learning20.png,dry-run,leaf
/home/ubuntu/pythonProjects/AppSec103-203-FortiADC/content/03Chapter3/7_Task6/index.md,DVWA-Adaptive-Learning21.png,/home/ubuntu/pythonProjects/AppSec103-203-FortiADC/content/03Chapter3/DVWA-Adaptive-Learning21.png,/home/ubuntu/pythonProjects/AppSec103-203-FortiADC/content/03Chapter3/7_Task6/DVWA-Adaptive-Learning21.png,dry-run,leaf
/home/ubuntu/pythonProjects/AppSec103-203-FortiADC/content/03Chapter3/7_Task6/index.md,DVWA-Adaptive-Learning22.png,/home/ubuntu/pythonProjects/AppSec103-203-FortiADC/content/03Chapter3/DVWA-Adaptive-Learning22.png,/home/ubuntu/pythonProjects/AppSec103-203-FortiADC/content/03Chapter3/7_Task6/DVWA-Adaptive-Learning22.png,dry-run,leaf
/home/ubuntu/pythonProjects/AppSec103-203-FortiADC/content/03Chapter3/7_Task6/index.md,DVWA-Adaptive-Learning8.png,/home/ubuntu/pythonProjects/AppSec103-203-FortiADC/content/03Chapter3/DVWA-Adaptive-Learning8.png,/home/ubuntu/pythonProjects/AppSec103-203-FortiADC/content/03Chapter3/DVWA-Adaptive-Learning8.png,shortcode-ok,figure-shortcode
/home/ubuntu/pythonProjects/AppSec103-203-FortiADC/content/03Chapter3/7_Task6/index.md,DVWA-Adaptive-Learning9.png,/home/ubuntu/pythonProjects/AppSec103-203-FortiADC/content/03Chapter3/DVWA-Adaptive-Learning9.png,/home/ubuntu/pythonProjects/AppSec103-203-FortiADC/content/03Chapter3/DVWA-Adaptive-Learning9.png,shortcode-ok,figure-shortcode
/home/ubuntu/pythonProjects/AppSec103-203-FortiADC/content/03Chapter3/7_Task6/index.md,DVWA-Adaptive-Learning10.png,/home/ubuntu/pythonProjects/AppSec103-203-FortiADC/content/03Chapter3/DVWA-Adaptive-Learning10.png,/home/ubuntu/pythonProjects/AppSec103-203-FortiADC/content/03Chapter3/DVWA-Adaptive-Learning10.png,shortcode-ok,figure-shortcode
/home/ubuntu/pythonProjects/AppSec103-203-FortiADC/content/03Chapter3/7_Task6/index.md,Ubuntu-Client-1.png,/home/ubuntu/pythonProjects/AppSec103-203-FortiADC/content/03Chapter3/Ubuntu-Client-1.png,/home/ubuntu/pythonProjects/AppSec103-203-FortiADC/content/03Chapter3/Ubuntu-Client-1.png,shortcode-ok,figure-shortcode
/home/ubuntu/pythonProjects/AppSec103-203-FortiADC/content/03Chapter3/7_Task6/index.md,Ubuntu-Client-2.png,/home/ubuntu/pythonProjects/AppSec103-203-FortiADC/content/03Chapter3/Ubuntu-Client-2.png,/home/ubuntu/pythonProjects/AppSec103-203-FortiADC/content/03Chapter3/Ubuntu-Client-2.png,shortcode-ok,figure-shortcode
/home/ubuntu/pythonProjects/AppSec103-203-FortiADC/content/03Chapter3/7_Task6/index.md,DVWA-Adaptive-Learning11.png,/home/ubuntu/pythonProjects/AppSec103-203-FortiADC/content/03Chapter3/DVWA-Adaptive-Learning11.png,/home/ubuntu/pythonProjects/AppSec103-203-FortiADC/content/03Chapter3/DVWA-Adaptive-Learning11.png,shortcode-ok,figure-shortcode
/home/ubuntu/pythonProjects/AppSec103-203-FortiADC/content/03Chapter3/7_Task6/index.md,DVWA-Adaptive-Learning12.png,/home/ubuntu/pythonProjects/AppSec103-203-FortiADC/content/03Chapter3/DVWA-Adaptive-Learning12.png,/home/ubuntu/pythonProjects/AppSec103-203-FortiADC/content/03Chapter3/DVWA-Adaptive-Learning12.png,shortcode-ok,figure-shortcode
/home/ubuntu/pythonProjects/AppSec103-203-FortiADC/content/03Chapter3/7_Task6/index.md,DVWA-Adaptive-Learning13.png,/home/ubuntu/pythonProjects/AppSec103-203-FortiADC/content/03Chapter3/DVWA-Adaptive-Learning13.png,/home/ubuntu/pythonProjects/AppSec103-203-FortiADC/content/03Chapter3/DVWA-Adaptive-Learning13.png,shortcode-ok,figure-shortcode
/home/ubuntu/pythonProjects/AppSec103-203-FortiADC/content/03Chapter3/7_Task6/index.md,DVWA-Adaptive-Learning14.png,/home/ubuntu/pythonProjects/AppSec103-203-FortiADC/content/03Chapter3/DVWA-Adaptive-Learning14.png,/home/ubuntu/pythonProjects/AppSec103-203-FortiADC/content/03Chapter3/DVWA-Adaptive-Learning14.png,shortcode-ok,figure-shortcode
/home/ubuntu/pythonProjects/AppSec103-203-FortiADC/content/03Chapter3/7_Task6/index.md,DVWA-Adaptive-Learning15.png,/home/ubuntu/pythonProjects/AppSec103-203-FortiADC/content/03Chapter3/DVWA-Adaptive-Learning15.png,/home/ubuntu/pythonProjects/AppSec103-203-FortiADC/content/03Chapter3/DVWA-Adaptive-Learning15.png,shortcode-ok,figure-shortcode
/home/ubuntu/pythonProjects/AppSec103-203-FortiADC/content/03Chapter3/7_Task6/index.md,DVWA-Adaptive-Learning16.png,/home/ubuntu/pythonProjects/AppSec103-203-FortiADC/content/03Chapter3/DVWA-Adaptive-Learning16.png,/home/ubuntu/pythonProjects/AppSec103-203-FortiADC/content/03Chapter3/DVWA-Adaptive-Learning16.png,shortcode-ok,figure-shortcode
/home/ubuntu/pythonProjects/AppSec103-203-FortiADC/content/03Chapter3/7_Task6/index.md,DVWA-Adaptive-Learning18.png,/home/ubuntu/pythonProjects/AppSec103-203-FortiADC/content/03Chapter3/DVWA-Adaptive-Learning18.png,/home/ubuntu/pythonProjects/AppSec103-203-FortiADC/content/03Chapter3/DVWA-Adaptive-Learning18.png,shortcode-ok,figure-shortcode
/home/ubuntu/pythonProjects/AppSec103-203-FortiADC/content/03Chapter3/7_Task6/index.md,DVWA-Adaptive-Learning17.png,/home/ubuntu/pythonProjects/AppSec103-203-FortiADC/content/03Chapter3/DVWA-Adaptive-Learning17.png,/home/ubuntu/pythonProjects/AppSec103-203-FortiADC/content/03Chapter3/DVWA-Adaptive-Learning17.png,shortcode-ok,figure-shortcode
/home/ubuntu/pythonProjects/AppSec103-203-FortiADC/content/03Chapter3/7_Task6/index.md,DVWA-Adaptive-Learning19.png,/home/ubuntu/pythonProjects/AppSec103-203-FortiADC/content/03Chapter3/DVWA-Adaptive-Learning19.png,/home/ubuntu/pythonProjects/AppSec103-203-FortiADC/content/03Chapter3/DVWA-Adaptive-Learning19.png,shortcode-ok,figure-shortcode
/home/ubuntu/pythonProjects/AppSec103-203-FortiADC/content/03Chapter3/7_Task6/index.md,DVWA-Adaptive-Learning20.png,/home/ubuntu/pythonProjects/AppSec103-203-FortiADC/content/03Chapter3/DVWA-Adaptive-Learning20.png,/home/ubuntu/pythonProjects/AppSec103-203-FortiADC/content/03Chapter3/DVWA-Adaptive-Learning20.png,shortcode-ok,figure-shortcode
/home/ubuntu/pythonProjects/AppSec103-203-FortiADC/content/03Chapter3/7_Task6/index.md,DVWA-Adaptive-Learning21.png,/home/ubuntu/pythonProjects/AppSec103-203-FortiADC/content/03Chapter3/DVWA-Adaptive-Learning21.png,/home/ubuntu/pythonProjects/AppSec103-203-FortiADC/content/03Chapter3/DVWA-Adaptive-Learning21.png,shortcode-ok,figure-shortcode
/home/ubuntu/pythonProjects/AppSec103-203-FortiADC/content/03Chapter3/7_Task6/index.md,DVWA-Adaptive-Learning22.png,/home/ubuntu/pythonProjects/AppSec103-203-FortiADC/content/03Chapter3/DVWA-Adaptive-Learning22.png,/home/ubuntu/pythonProjects/AppSec103-203-FortiADC/content/03Chapter3/DVWA-Adaptive-Learning22.png,shortcode-ok,figure-shortcode
/home/ubuntu/pythonProjects/AppSec103-203-FortiADC/content/03Chapter3/6_Task5/index.md,Virtual-Server14.png,/home/ubuntu/pythonProjects/AppSec103-203-FortiADC/content/03Chapter3/Virtual-Server14.png,/home/ubuntu/pythonProjects/AppSec103-203-FortiADC/content/03Chapter3/6_Task5/Virtual-Server14.png,dry-run,leaf
/home/ubuntu/pythonProjects/AppSec103-203-FortiADC/content/03Chapter3/6_Task5/index.md,Virtual-Server15.png,/home/ubuntu/pythonProjects/AppSec103-203-FortiADC/content/03Chapter3/Virtual-Server15.png,/home/ubuntu/pythonProjects/AppSec103-203-FortiADC/content/03Chapter3/6_Task5/Virtual-Server15.png,dry-run,leaf
/home/ubuntu/pythonProjects/AppSec103-203-FortiADC/content/03Chapter3/6_Task5/index.md,Virtual-Server16.png,/home/ubuntu/pythonProjects/AppSec103-203-FortiADC/content/03Chapter3/Virtual-Server16.png,/home/ubuntu/pythonProjects/AppSec103-203-FortiADC/content/03Chapter3/6_Task5/Virtual-Server16.png,dry-run,leaf
/home/ubuntu/pythonProjects/AppSec103-203-FortiADC/content/03Chapter3/6_Task5/index.md,Virtual-Server17.png,/home/ubuntu/pythonProjects/AppSec103-203-FortiADC/content/03Chapter3/Virtual-Server17.png,/home/ubuntu/pythonProjects/AppSec103-203-FortiADC/content/03Chapter3/6_Task5/Virtual-Server17.png,dry-run,leaf
/home/ubuntu/pythonProjects/AppSec103-203-FortiADC/content/03Chapter3/6_Task5/index.md,Virtual-Server14.png,/home/ubuntu/pythonProjects/AppSec103-203-FortiADC/content/03Chapter3/Virtual-Server14.png,/home/ubuntu/pythonProjects/AppSec103-203-FortiADC/content/03Chapter3/Virtual-Server14.png,shortcode-ok,figure-shortcode
/home/ubuntu/pythonProjects/AppSec103-203-FortiADC/content/03Chapter3/6_Task5/index.md,Virtual-Server15.png,/home/ubuntu/pythonProjects/AppSec103-203-FortiADC/content/03Chapter3/Virtual-Server15.png,/home/ubuntu/pythonProjects/AppSec103-203-FortiADC/content/03Chapter3/Virtual-Server15.png,shortcode-ok,figure-shortcode
/home/ubuntu/pythonProjects/AppSec103-203-FortiADC/content/03Chapter3/6_Task5/index.md,Virtual-Server16.png,/home/ubuntu/pythonProjects/AppSec103-203-FortiADC/content/03Chapter3/Virtual-Server16.png,/home/ubuntu/pythonProjects/AppSec103-203-FortiADC/content/03Chapter3/Virtual-Server16.png,shortcode-ok,figure-shortcode
/home/ubuntu/pythonProjects/AppSec103-203-FortiADC/content/03Chapter3/6_Task5/index.md,Virtual-Server17.png,/home/ubuntu/pythonProjects/AppSec103-203-FortiADC/content/03Chapter3/Virtual-Server17.png,/home/ubuntu/pythonProjects/AppSec103-203-FortiADC/content/03Chapter3/Virtual-Server17.png,shortcode-ok,figure-shortcode
/home/ubuntu/pythonProjects/AppSec103-203-FortiADC/content/03Chapter3/5_Task4/index.md,WAF-Profile9.png,/home/ubuntu/pythonProjects/AppSec103-203-FortiADC/content/03Chapter3/WAF-Profile9.png,/home/ubuntu/pythonProjects/AppSec103-203-FortiADC/content/03Chapter3/5_Task4/WAF-Profile9.png,dry-run,leaf
/home/ubuntu/pythonProjects/AppSec103-203-FortiADC/content/03Chapter3/5_Task4/index.md,WAF-Profile10.png,/home/ubuntu/pythonProjects/AppSec103-203-FortiADC/content/03Chapter3/WAF-Profile10.png,/home/ubuntu/pythonProjects/AppSec103-203-FortiADC/content/03Chapter3/5_Task4/WAF-Profile10.png,dry-run,leaf
/home/ubuntu/pythonProjects/AppSec103-203-FortiADC/content/03Chapter3/5_Task4/index.md,WAF-Profile11.png,/home/ubuntu/pythonProjects/AppSec103-203-FortiADC/content/03Chapter3/WAF-Profile11.png,/home/ubuntu/pythonProjects/AppSec103-203-FortiADC/content/03Chapter3/5_Task4/WAF-Profile11.png,dry-run,leaf
/home/ubuntu/pythonProjects/AppSec103-203-FortiADC/content/03Chapter3/5_Task4/index.md,WAF-Profile12.png,/home/ubuntu/pythonProjects/AppSec103-203-FortiADC/content/03Chapter3/WAF-Profile12.png,/home/ubuntu/pythonProjects/AppSec103-203-FortiADC/content/03Chapter3/5_Task4/WAF-Profile12.png,dry-run,leaf
/home/ubuntu/pythonProjects/AppSec103-203-FortiADC/content/03Chapter3/5_Task4/index.md,WAF-Profile13.png,/home/ubuntu/pythonProjects/AppSec103-203-FortiADC/content/03Chapter3/WAF-Profile13.png,/home/ubuntu/pythonProjects/AppSec103-203-FortiADC/content/03Chapter3/5_Task4/WAF-Profile13.png,dry-run,leaf
/home/ubuntu/pythonProjects/AppSec103-203-FortiADC/content/03Chapter3/5_Task4/index.md,WAF-Profile9.png,/home/ubuntu/pythonProjects/AppSec103-203-FortiADC/content/03Chapter3/WAF-Profile9.png,/home/ubuntu/pythonProjects/AppSec103-203-FortiADC/content/03Chapter3/WAF-Profile9.png,shortcode-ok,figure-shortcode
/home/ubuntu/pythonProjects/AppSec103-203-FortiADC/content/03Chapter3/5_Task4/index.md,WAF-Profile10.png,/home/ubuntu/pythonProjects/AppSec103-203-FortiADC/content/03Chapter3/WAF-Profile10.png,/home/ubuntu/pythonProjects/AppSec103-203-FortiADC/content/03Chapter3/WAF-Profile10.png,shortcode-ok,figure-shortcode
/home/ubuntu/pythonProjects/AppSec103-203-FortiADC/content/03Chapter3/5_Task4/index.md,WAF-Profile11.png,/home/ubuntu/pythonProjects/AppSec103-203-FortiADC/content/03Chapter3/WAF-Profile11.png,/home/ubuntu/pythonProjects/AppSec103-203-FortiADC/content/03Chapter3/WAF-Profile11.png,shortcode-ok,figure-shortcode
/home/ubuntu/pythonProjects/AppSec103-203-FortiADC/content/03Chapter3/5_Task4/index.md,WAF-Profile12.png,/home/ubuntu/pythonProjects/AppSec103-203-FortiADC/content/03Chapter3/WAF-Profile12.png,/home/ubuntu/pythonProjects/AppSec103-203-FortiADC/content/03Chapter3/WAF-Profile12.png,shortcode-ok,figure-shortcode
/home/ubuntu/pythonProjects/AppSec103-203-FortiADC/content/03Chapter3/5_Task4/index.md,WAF-Profile13.png,/home/ubuntu/pythonProjects/AppSec103-203-FortiADC/content/03Chapter3/WAF-Profile13.png,/home/ubuntu/pythonProjects/AppSec103-203-FortiADC/content/03Chapter3/WAF-Profile13.png,shortcode-ok,figure-shortcode
/home/ubuntu/pythonProjects/AppSec103-203-FortiADC/content/03Chapter3/4_Task3/index.md,Adaptive-Learning1.png,/home/ubuntu/pythonProjects/AppSec103-203-FortiADC/content/03Chapter3/Adaptive-Learning1.png,/home/ubuntu/pythonProjects/AppSec103-203-FortiADC/content/03Chapter3/4_Task3/Adaptive-Learning1.png,dry-run,leaf
/home/ubuntu/pythonProjects/AppSec103-203-FortiADC/content/03Chapter3/4_Task3/index.md,JuiceShop-Adaptive-Learning2.png,/home/ubuntu/pythonProjects/AppSec103-203-FortiADC/content/03Chapter3/JuiceShop-Adaptive-Learning2.png,/home/ubuntu/pythonProjects/AppSec103-203-FortiADC/content/03Chapter3/4_Task3/JuiceShop-Adaptive-Learning2.png,dry-run,leaf
/home/ubuntu/pythonProjects/AppSec103-203-FortiADC/content/03Chapter3/4_Task3/index.md,JuiceShop-Adaptive-Learning3.png,/home/ubuntu/pythonProjects/AppSec103-203-FortiADC/content/03Chapter3/JuiceShop-Adaptive-Learning3.png,/home/ubuntu/pythonProjects/AppSec103-203-FortiADC/content/03Chapter3/4_Task3/JuiceShop-Adaptive-Learning3.png,dry-run,leaf
/home/ubuntu/pythonProjects/AppSec103-203-FortiADC/content/03Chapter3/4_Task3/index.md,JuiceShop-Adaptive-Learning4.png,/home/ubuntu/pythonProjects/AppSec103-203-FortiADC/content/03Chapter3/JuiceShop-Adaptive-Learning4.png,/home/ubuntu/pythonProjects/AppSec103-203-FortiADC/content/03Chapter3/4_Task3/JuiceShop-Adaptive-Learning4.png,dry-run,leaf
/home/ubuntu/pythonProjects/AppSec103-203-FortiADC/content/03Chapter3/4_Task3/index.md,JuiceShop-Adaptive-Learning6.png,/home/ubuntu/pythonProjects/AppSec103-203-FortiADC/content/03Chapter3/JuiceShop-Adaptive-Learning6.png,/home/ubuntu/pythonProjects/AppSec103-203-FortiADC/content/03Chapter3/4_Task3/JuiceShop-Adaptive-Learning6.png,dry-run,leaf
/home/ubuntu/pythonProjects/AppSec103-203-FortiADC/content/03Chapter3/4_Task3/index.md,DVWA-Adaptive-Learning5.png,/home/ubuntu/pythonProjects/AppSec103-203-FortiADC/content/03Chapter3/DVWA-Adaptive-Learning5.png,/home/ubuntu/pythonProjects/AppSec103-203-FortiADC/content/03Chapter3/4_Task3/DVWA-Adaptive-Learning5.png,dry-run,leaf
/home/ubuntu/pythonProjects/AppSec103-203-FortiADC/content/03Chapter3/4_Task3/index.md,JuiceShop-Adaptive-Learning4.png,/home/ubuntu/pythonProjects/AppSec103-203-FortiADC/content/03Chapter3/JuiceShop-Adaptive-Learning4.png,/home/ubuntu/pythonProjects/AppSec103-203-FortiADC/content/03Chapter3/4_Task3/JuiceShop-Adaptive-Learning4.png,dry-run,leaf
/home/ubuntu/pythonProjects/AppSec103-203-FortiADC/content/03Chapter3/4_Task3/index.md,DVWA-Adaptive-Learning7.png,/home/ubuntu/pythonProjects/AppSec103-203-FortiADC/content/03Chapter3/DVWA-Adaptive-Learning7.png,/home/ubuntu/pythonProjects/AppSec103-203-FortiADC/content/03Chapter3/4_Task3/DVWA-Adaptive-Learning7.png,dry-run,leaf
/home/ubuntu/pythonProjects/AppSec103-203-FortiADC/content/03Chapter3/4_Task3/index.md,Adaptive-Learning8.png,/home/ubuntu/pythonProjects/AppSec103-203-FortiADC/content/03Chapter3/Adaptive-Learning8.png,/home/ubuntu/pythonProjects/AppSec103-203-FortiADC/content/03Chapter3/4_Task3/Adaptive-Learning8.png,dry-run,leaf
/home/ubuntu/pythonProjects/AppSec103-203-FortiADC/content/03Chapter3/4_Task3/index.md,Adaptive-Learning1.png,/home/ubuntu/pythonProjects/AppSec103-203-FortiADC/content/03Chapter3/Adaptive-Learning1.png,/home/ubuntu/pythonProjects/AppSec103-203-FortiADC/content/03Chapter3/Adaptive-Learning1.png,shortcode-ok,figure-shortcode
/home/ubuntu/pythonProjects/AppSec103-203-FortiADC/content/03Chapter3/4_Task3/index.md,JuiceShop-Adaptive-Learning2.png,/home/ubuntu/pythonProjects/AppSec103-203-FortiADC/content/03Chapter3/JuiceShop-Adaptive-Learning2.png,/home/ubuntu/pythonProjects/AppSec103-203-FortiADC/content/03Chapter3/JuiceShop-Adaptive-Learning2.png,shortcode-ok,figure-shortcode
/home/ubuntu/pythonProjects/AppSec103-203-FortiADC/content/03Chapter3/4_Task3/index.md,JuiceShop-Adaptive-Learning3.png,/home/ubuntu/pythonProjects/AppSec103-203-FortiADC/content/03Chapter3/JuiceShop-Adaptive-Learning3.png,/home/ubuntu/pythonProjects/AppSec103-203-FortiADC/content/03Chapter3/JuiceShop-Adaptive-Learning3.png,shortcode-ok,figure-shortcode
/home/ubuntu/pythonProjects/AppSec103-203-FortiADC/content/03Chapter3/4_Task3/index.md,JuiceShop-Adaptive-Learning4.png,/home/ubuntu/pythonProjects/AppSec103-203-FortiADC/content/03Chapter3/JuiceShop-Adaptive-Learning4.png,/home/ubuntu/pythonProjects/AppSec103-203-FortiADC/content/03Chapter3/JuiceShop-Adaptive-Learning4.png,shortcode-ok,figure-shortcode
/home/ubuntu/pythonProjects/AppSec103-203-FortiADC/content/03Chapter3/4_Task3/index.md,JuiceShop-Adaptive-Learning6.png,/home/ubuntu/pythonProjects/AppSec103-203-FortiADC/content/03Chapter3/JuiceShop-Adaptive-Learning6.png,/home/ubuntu/pythonProjects/AppSec103-203-FortiADC/content/03Chapter3/JuiceShop-Adaptive-Learning6.png,shortcode-ok,figure-shortcode
/home/ubuntu/pythonProjects/AppSec103-203-FortiADC/content/03Chapter3/4_Task3/index.md,DVWA-Adaptive-Learning5.png,/home/ubuntu/pythonProjects/AppSec103-203-FortiADC/content/03Chapter3/DVWA-Adaptive-Learning5.png,/home/ubuntu/pythonProjects/AppSec103-203-FortiADC/content/03Chapter3/DVWA-Adaptive-Learning5.png,shortcode-ok,figure-shortcode
/home/ubuntu/pythonProjects/AppSec103-203-FortiADC/content/03Chapter3/4_Task3/index.md,JuiceShop-Adaptive-Learning4.png,/home/ubuntu/pythonProjects/AppSec103-203-FortiADC/content/03Chapter3/JuiceShop-Adaptive-Learning4.png,/home/ubuntu/pythonProjects/AppSec103-203-FortiADC/content/03Chapter3/JuiceShop-Adaptive-Learning4.png,shortcode-ok,figure-shortcode
/home/ubuntu/pythonProjects/AppSec103-203-FortiADC/content/03Chapter3/4_Task3/index.md,DVWA-Adaptive-Learning7.png,/home/ubuntu/pythonProjects/AppSec103-203-FortiADC/content/03Chapter3/DVWA-Adaptive-Learning7.png,/home/ubuntu/pythonProjects/AppSec103-203-FortiADC/content/03Chapter3/DVWA-Adaptive-Learning7.png,shortcode-ok,figure-shortcode
/home/ubuntu/pythonProjects/AppSec103-203-FortiADC/content/03Chapter3/4_Task3/index.md,Adaptive-Learning8.png,/home/ubuntu/pythonProjects/AppSec103-203-FortiADC/content/03Chapter3/Adaptive-Learning8.png,/home/ubuntu/pythonProjects/AppSec103-203-FortiADC/content/03Chapter3/Adaptive-Learning8.png,shortcode-ok,figure-shortcode
/home/ubuntu/pythonProjects/AppSec103-203-FortiADC/content/03Chapter3/9_Task8/index.md,bot-mitigation-0.png,/home/ubuntu/pythonProjects/AppSec103-203-FortiADC/content/03Chapter3/bot-mitigation-0.png,/home/ubuntu/pythonProjects/AppSec103-203-FortiADC/content/03Chapter3/9_Task8/bot-mitigation-0.png,dry-run,leaf
/home/ubuntu/pythonProjects/AppSec103-203-FortiADC/content/03Chapter3/9_Task8/index.md,bot-mitigation-1.png,/home/ubuntu/pythonProjects/AppSec103-203-FortiADC/content/03Chapter3/bot-mitigation-1.png,/home/ubuntu/pythonProjects/AppSec103-203-FortiADC/content/03Chapter3/9_Task8/bot-mitigation-1.png,dry-run,leaf
/home/ubuntu/pythonProjects/AppSec103-203-FortiADC/content/03Chapter3/9_Task8/index.md,bot-mitigation-2.png,/home/ubuntu/pythonProjects/AppSec103-203-FortiADC/content/03Chapter3/bot-mitigation-2.png,/home/ubuntu/pythonProjects/AppSec103-203-FortiADC/content/03Chapter3/9_Task8/bot-mitigation-2.png,dry-run,leaf
/home/ubuntu/pythonProjects/AppSec103-203-FortiADC/content/03Chapter3/9_Task8/index.md,bot-mitigation-3.png,/home/ubuntu/pythonProjects/AppSec103-203-FortiADC/content/03Chapter3/bot-mitigation-3.png,/home/ubuntu/pythonProjects/AppSec103-203-FortiADC/content/03Chapter3/9_Task8/bot-mitigation-3.png,dry-run,leaf
/home/ubuntu/pythonProjects/AppSec103-203-FortiADC/content/03Chapter3/9_Task8/index.md,bot-mitigation-4.png,/home/ubuntu/pythonProjects/AppSec103-203-FortiADC/content/03Chapter3/bot-mitigation-4.png,/home/ubuntu/pythonProjects/AppSec103-203-FortiADC/content/03Chapter3/9_Task8/bot-mitigation-4.png,dry-run,leaf
/home/ubuntu/pythonProjects/AppSec103-203-FortiADC/content/03Chapter3/9_Task8/index.md,bot-mitigation-5.png,/home/ubuntu/pythonProjects/AppSec103-203-FortiADC/content/03Chapter3/bot-mitigation-5.png,/home/ubuntu/pythonProjects/AppSec103-203-FortiADC/content/03Chapter3/9_Task8/bot-mitigation-5.png,dry-run,leaf
/home/ubuntu/pythonProjects/AppSec103-203-FortiADC/content/03Chapter3/9_Task8/index.md,bot-mitigation-6.png,/home/ubuntu/pythonProjects/AppSec103-203-FortiADC/content/03Chapter3/bot-mitigation-6.png,/home/ubuntu/pythonProjects/AppSec103-203-FortiADC/content/03Chapter3/9_Task8/bot-mitigation-6.png,dry-run,leaf
/home/ubuntu/pythonProjects/AppSec103-203-FortiADC/content/03Chapter3/9_Task8/index.md,bot-mitigation-7.png,/home/ubuntu/pythonProjects/AppSec103-203-FortiADC/content/03Chapter3/bot-mitigation-7.png,/home/ubuntu/pythonProjects/AppSec103-203-FortiADC/content/03Chapter3/9_Task8/bot-mitigation-7.png,dry-run,leaf
/home/ubuntu/pythonProjects/AppSec103-203-FortiADC/content/03Chapter3/9_Task8/index.md,bot-mitigation-8.png,/home/ubuntu/pythonProjects/AppSec103-203-FortiADC/content/03Chapter3/bot-mitigation-8.png,/home/ubuntu/pythonProjects/AppSec103-203-FortiADC/content/03Chapter3/9_Task8/bot-mitigation-8.png,dry-run,leaf
/home/ubuntu/pythonProjects/AppSec103-203-FortiADC/content/03Chapter3/9_Task8/index.md,bot-mitigation-9.png,/home/ubuntu/pythonProjects/AppSec103-203-FortiADC/content/03Chapter3/bot-mitigation-9.png,/home/ubuntu/pythonProjects/AppSec103-203-FortiADC/content/03Chapter3/9_Task8/bot-mitigation-9.png,dry-run,leaf
/home/ubuntu/pythonProjects/AppSec103-203-FortiADC/content/03Chapter3/9_Task8/index.md,bot-mitigation-10.png,/home/ubuntu/pythonProjects/AppSec103-203-FortiADC/content/03Chapter3/bot-mitigation-10.png,/home/ubuntu/pythonProjects/AppSec103-203-FortiADC/content/03Chapter3/9_Task8/bot-mitigation-10.png,dry-run,leaf
/home/ubuntu/pythonProjects/AppSec103-203-FortiADC/content/03Chapter3/9_Task8/index.md,bot-mitigation-11.png,/home/ubuntu/pythonProjects/AppSec103-203-FortiADC/content/03Chapter3/bot-mitigation-11.png,/home/ubuntu/pythonProjects/AppSec103-203-FortiADC/content/03Chapter3/9_Task8/bot-mitigation-11.png,dry-run,leaf
/home/ubuntu/pythonProjects/AppSec103-203-FortiADC/content/03Chapter3/9_Task8/index.md,bot-mitigation-12.png,/home/ubuntu/pythonProjects/AppSec103-203-FortiADC/content/03Chapter3/bot-mitigation-12.png,/home/ubuntu/pythonProjects/AppSec103-203-FortiADC/content/03Chapter3/9_Task8/bot-mitigation-12.png,dry-run,leaf
/home/ubuntu/pythonProjects/AppSec103-203-FortiADC/content/03Chapter3/9_Task8/index.md,bot-mitigation-13.png,/home/ubuntu/pythonProjects/AppSec103-203-FortiADC/content/03Chapter3/bot-mitigation-13.png,/home/ubuntu/pythonProjects/AppSec103-203-FortiADC/content/03Chapter3/9_Task8/bot-mitigation-13.png,dry-run,leaf
/home/ubuntu/pythonProjects/AppSec103-203-FortiADC/content/03Chapter3/9_Task8/index.md,bot-mitigation-14.png,/home/ubuntu/pythonProjects/AppSec103-203-FortiADC/content/03Chapter3/bot-mitigation-14.png,/home/ubuntu/pythonProjects/AppSec103-203-FortiADC/content/03Chapter3/9_Task8/bot-mitigation-14.png,dry-run,leaf
/home/ubuntu/pythonProjects/AppSec103-203-FortiADC/content/03Chapter3/9_Task8/index.md,bot-mitigation-15.png,/home/ubuntu/pythonProjects/AppSec103-203-FortiADC/content/03Chapter3/bot-mitigation-15.png,/home/ubuntu/pythonProjects/AppSec103-203-FortiADC/content/03Chapter3/9_Task8/bot-mitigation-15.png,dry-run,leaf
/home/ubuntu/pythonProjects/AppSec103-203-FortiADC/content/03Chapter3/9_Task8/index.md,bot-mitigation-16.png,/home/ubuntu/pythonProjects/AppSec103-203-FortiADC/content/03Chapter3/bot-mitigation-16.png,/home/ubuntu/pythonProjects/AppSec103-203-FortiADC/content/03Chapter3/9_Task8/bot-mitigation-16.png,dry-run,leaf
/home/ubuntu/pythonProjects/AppSec103-203-FortiADC/content/03Chapter3/9_Task8/index.md,bot-mitigation-0.png,/home/ubuntu/pythonProjects/AppSec103-203-FortiADC/content/03Chapter3/bot-mitigation-0.png,/home/ubuntu/pythonProjects/AppSec103-203-FortiADC/content/03Chapter3/bot-mitigation-0.png,shortcode-ok,figure-shortcode
/home/ubuntu/pythonProjects/AppSec103-203-FortiADC/content/03Chapter3/9_Task8/index.md,bot-mitigation-1.png,/home/ubuntu/pythonProjects/AppSec103-203-FortiADC/content/03Chapter3/bot-mitigation-1.png,/home/ubuntu/pythonProjects/AppSec103-203-FortiADC/content/03Chapter3/bot-mitigation-1.png,shortcode-ok,figure-shortcode
/home/ubuntu/pythonProjects/AppSec103-203-FortiADC/content/03Chapter3/9_Task8/index.md,bot-mitigation-2.png,/home/ubuntu/pythonProjects/AppSec103-203-FortiADC/content/03Chapter3/bot-mitigation-2.png,/home/ubuntu/pythonProjects/AppSec103-203-FortiADC/content/03Chapter3/bot-mitigation-2.png,shortcode-ok,figure-shortcode
/home/ubuntu/pythonProjects/AppSec103-203-FortiADC/content/03Chapter3/9_Task8/index.md,bot-mitigation-3.png,/home/ubuntu/pythonProjects/AppSec103-203-FortiADC/content/03Chapter3/bot-mitigation-3.png,/home/ubuntu/pythonProjects/AppSec103-203-FortiADC/content/03Chapter3/bot-mitigation-3.png,shortcode-ok,figure-shortcode
/home/ubuntu/pythonProjects/AppSec103-203-FortiADC/content/03Chapter3/9_Task8/index.md,bot-mitigation-4.png,/home/ubuntu/pythonProjects/AppSec103-203-FortiADC/content/03Chapter3/bot-mitigation-4.png,/home/ubuntu/pythonProjects/AppSec103-203-FortiADC/content/03Chapter3/bot-mitigation-4.png,shortcode-ok,figure-shortcode
/home/ubuntu/pythonProjects/AppSec103-203-FortiADC/content/03Chapter3/9_Task8/index.md,bot-mitigation-5.png,/home/ubuntu/pythonProjects/AppSec103-203-FortiADC/content/03Chapter3/bot-mitigation-5.png,/home/ubuntu/pythonProjects/AppSec103-203-FortiADC/content/03Chapter3/bot-mitigation-5.png,shortcode-ok,figure-shortcode
/home/ubuntu/pythonProjects/AppSec103-203-FortiADC/content/03Chapter3/9_Task8/index.md,bot-mitigation-6.png,/home/ubuntu/pythonProjects/AppSec103-203-FortiADC/content/03Chapter3/bot-mitigation-6.png,/home/ubuntu/pythonProjects/AppSec103-203-FortiADC/content/03Chapter3/bot-mitigation-6.png,shortcode-ok,figure-shortcode
/home/ubuntu/pythonProjects/AppSec103-203-FortiADC/content/03Chapter3/9_Task8/index.md,bot-mitigation-7.png,/home/ubuntu/pythonProjects/AppSec103-203-FortiADC/content/03Chapter3/bot-mitigation-7.png,/home/ubuntu/pythonProjects/AppSec103-203-FortiADC/content/03Chapter3/bot-mitigation-7.png,shortcode-ok,figure-shortcode
/home/ubuntu/pythonProjects/AppSec103-203-FortiADC/content/03Chapter3/9_Task8/index.md,bot-mitigation-8.png,/home/ubuntu/pythonProjects/AppSec103-203-FortiADC/content/03Chapter3/bot-mitigation-8.png,/home/ubuntu/pythonProjects/AppSec103-203-FortiADC/content/03Chapter3/bot-mitigation-8.png,shortcode-ok,figure-shortcode
/home/ubuntu/pythonProjects/AppSec103-203-FortiADC/content/03Chapter3/9_Task8/index.md,bot-mitigation-9.png,/home/ubuntu/pythonProjects/AppSec103-203-FortiADC/content/03Chapter3/bot-mitigation-9.png,/home/ubuntu/pythonProjects/AppSec103-203-FortiADC/content/03Chapter3/bot-mitigation-9.png,shortcode-ok,figure-shortcode
/home/ubuntu/pythonProjects/AppSec103-203-FortiADC/content/03Chapter3/9_Task8/index.md,bot-mitigation-10.png,/home/ubuntu/pythonProjects/AppSec103-203-FortiADC/content/03Chapter3/bot-mitigation-10.png,/home/ubuntu/pythonProjects/AppSec103-203-FortiADC/content/03Chapter3/bot-mitigation-10.png,shortcode-ok,figure-shortcode
/home/ubuntu/pythonProjects/AppSec103-203-FortiADC/content/03Chapter3/9_Task8/index.md,bot-mitigation-11.png,/home/ubuntu/pythonProjects/AppSec103-203-FortiADC/content/03Chapter3/bot-mitigation-11.png,/home/ubuntu/pythonProjects/AppSec103-203-FortiADC/content/03Chapter3/bot-mitigation-11.png,shortcode-ok,figure-shortcode
/home/ubuntu/pythonProjects/AppSec103-203-FortiADC/content/03Chapter3/9_Task8/index.md,bot-mitigation-12.png,/home/ubuntu/pythonProjects/AppSec103-203-FortiADC/content/03Chapter3/bot-mitigation-12.png,/home/ubuntu/pythonProjects/AppSec103-203-FortiADC/content/03Chapter3/bot-mitigation-12.png,shortcode-ok,figure-shortcode
/home/ubuntu/pythonProjects/AppSec103-203-FortiADC/content/03Chapter3/9_Task8/index.md,bot-mitigation-13.png,/home/ubuntu/pythonProjects/AppSec103-203-FortiADC/content/03Chapter3/bot-mitigation-13.png,/home/ubuntu/pythonProjects/AppSec103-203-FortiADC/content/03Chapter3/bot-mitigation-13.png,shortcode-ok,figure-shortcode
/home/ubuntu/pythonProjects/AppSec103-203-FortiADC/content/03Chapter3/9_Task8/index.md,bot-mitigation-14.png,/home/ubuntu/pythonProjects/AppSec103-203-FortiADC/content/03Chapter3/bot-mitigation-14.png,/home/ubuntu/pythonProjects/AppSec103-203-FortiADC/content/03Chapter3/bot-mitigation-14.png,shortcode-ok,figure-shortcode
/home/ubuntu/pythonProjects/AppSec103-203-FortiADC/content/03Chapter3/9_Task8/index.md,bot-mitigation-15.png,/home/ubuntu/pythonProjects/AppSec103-203-FortiADC/content/03Chapter3/bot-mitigation-15.png,/home/ubuntu/pythonProjects/AppSec103-203-FortiADC/content/03Chapter3/bot-mitigation-15.png,shortcode-ok,figure-shortcode
/home/ubuntu/pythonProjects/AppSec103-203-FortiADC/content/03Chapter3/9_Task8/index.md,bot-mitigation-16.png,/home/ubuntu/pythonProjects/AppSec103-203-FortiADC/content/03Chapter3/bot-mitigation-16.png,/home/ubuntu/pythonProjects/AppSec103-203-FortiADC/content/03Chapter3/bot-mitigation-16.png,shortcode-ok,figure-shortcode
/home/ubuntu/pythonProjects/AppSec103-203-FortiADC/content/03Chapter3/8_Task7/index.md,zap-tool-1.png,/home/ubuntu/pythonProjects/AppSec103-203-FortiADC/content/03Chapter3/zap-tool-1.png,/home/ubuntu/pythonProjects/AppSec103-203-FortiADC/content/03Chapter3/8_Task7/zap-tool-1.png,dry-run,leaf
/home/ubuntu/pythonProjects/AppSec103-203-FortiADC/content/03Chapter3/8_Task7/index.md,zap-tool-2.png,/home/ubuntu/pythonProjects/AppSec103-203-FortiADC/content/03Chapter3/zap-tool-2.png,/home/ubuntu/pythonProjects/AppSec103-203-FortiADC/content/03Chapter3/8_Task7/zap-tool-2.png,dry-run,leaf
/home/ubuntu/pythonProjects/AppSec103-203-FortiADC/content/03Chapter3/8_Task7/index.md,zap-tool-3.png,/home/ubuntu/pythonProjects/AppSec103-203-FortiADC/content/03Chapter3/zap-tool-3.png,/home/ubuntu/pythonProjects/AppSec103-203-FortiADC/content/03Chapter3/8_Task7/zap-tool-3.png,dry-run,leaf
/home/ubuntu/pythonProjects/AppSec103-203-FortiADC/content/03Chapter3/8_Task7/index.md,zap-dash.png,/home/ubuntu/pythonProjects/AppSec103-203-FortiADC/content/03Chapter3/zap-dash.png,/home/ubuntu/pythonProjects/AppSec103-203-FortiADC/content/03Chapter3/8_Task7/zap-dash.png,dry-run,leaf
/home/ubuntu/pythonProjects/AppSec103-203-FortiADC/content/03Chapter3/8_Task7/index.md,zap1.png,/home/ubuntu/pythonProjects/AppSec103-203-FortiADC/content/03Chapter3/zap1.png,/home/ubuntu/pythonProjects/AppSec103-203-FortiADC/content/03Chapter3/8_Task7/zap1.png,dry-run,leaf
/home/ubuntu/pythonProjects/AppSec103-203-FortiADC/content/03Chapter3/8_Task7/index.md,zap2.png,/home/ubuntu/pythonProjects/AppSec103-203-FortiADC/content/03Chapter3/zap2.png,/home/ubuntu/pythonProjects/AppSec103-203-FortiADC/content/03Chapter3/8_Task7/zap2.png,dry-run,leaf
/home/ubuntu/pythonProjects/AppSec103-203-FortiADC/content/03Chapter3/8_Task7/index.md,zap-tool-4.png,/home/ubuntu/pythonProjects/AppSec103-203-FortiADC/content/03Chapter3/zap-tool-4.png,/home/ubuntu/pythonProjects/AppSec103-203-FortiADC/content/03Chapter3/8_Task7/zap-tool-4.png,dry-run,leaf
/home/ubuntu/pythonProjects/AppSec103-203-FortiADC/content/03Chapter3/8_Task7/index.md,zap-tool-5.png,/home/ubuntu/pythonProjects/AppSec103-203-FortiADC/content/03Chapter3/zap-tool-5.png,/home/ubuntu/pythonProjects/AppSec103-203-FortiADC/content/03Chapter3/8_Task7/zap-tool-5.png,dry-run,leaf
/home/ubuntu/pythonProjects/AppSec103-203-FortiADC/content/03Chapter3/8_Task7/index.md,zap-tool-7.png,/home/ubuntu/pythonProjects/AppSec103-203-FortiADC/content/03Chapter3/zap-tool-7.png,/home/ubuntu/pythonProjects/AppSec103-203-FortiADC/content/03Chapter3/8_Task7/zap-tool-7.png,dry-run,leaf
/home/ubuntu/pythonProjects/AppSec103-203-FortiADC/content/03Chapter3/8_Task7/index.md,zap-tool-8.png,/home/ubuntu/pythonProjects/AppSec103-203-FortiADC/content/03Chapter3/zap-tool-8.png,/home/ubuntu/pythonProjects/AppSec103-203-FortiADC/content/03Chapter3/8_Task7/zap-tool-8.png,dry-run,leaf
/home/ubuntu/pythonProjects/AppSec103-203-FortiADC/content/03Chapter3/8_Task7/index.md,zap-tool-1.png,/home/ubuntu/pythonProjects/AppSec103-203-FortiADC/content/03Chapter3/zap-tool-1.png,/home/ubuntu/pythonProjects/AppSec103-203-FortiADC/content/03Chapter3/zap-tool-1.png,shortcode-ok,figure-shortcode
/home/ubuntu/pythonProjects/AppSec103-203-FortiADC/content/03Chapter3/8_Task7/index.md,zap-tool-2.png,/home/ubuntu/pythonProjects/AppSec103-203-FortiADC/content/03Chapter3/zap-tool-2.png,/home/ubuntu/pythonProjects/AppSec103-203-FortiADC/content/03Chapter3/zap-tool-2.png,shortcode-ok,figure-shortcode
/home/ubuntu/pythonProjects/AppSec103-203-FortiADC/content/03Chapter3/8_Task7/index.md,zap-tool-3.png,/home/ubuntu/pythonProjects/AppSec103-203-FortiADC/content/03Chapter3/zap-tool-3.png,/home/ubuntu/pythonProjects/AppSec103-203-FortiADC/content/03Chapter3/zap-tool-3.png,shortcode-ok,figure-shortcode
/home/ubuntu/pythonProjects/AppSec103-203-FortiADC/content/03Chapter3/8_Task7/index.md,zap-dash.png,/home/ubuntu/pythonProjects/AppSec103-203-FortiADC/content/03Chapter3/zap-dash.png,/home/ubuntu/pythonProjects/AppSec103-203-FortiADC/content/03Chapter3/zap-dash.png,shortcode-ok,figure-shortcode
/home/ubuntu/pythonProjects/AppSec103-203-FortiADC/content/03Chapter3/8_Task7/index.md,zap1.png,/home/ubuntu/pythonProjects/AppSec103-203-FortiADC/content/03Chapter3/zap1.png,/home/ubuntu/pythonProjects/AppSec103-203-FortiADC/content/03Chapter3/zap1.png,shortcode-ok,figure-shortcode
/home/ubuntu/pythonProjects/AppSec103-203-FortiADC/content/03Chapter3/8_Task7/index.md,zap2.png,/home/ubuntu/pythonProjects/AppSec103-203-FortiADC/content/03Chapter3/zap2.png,/home/ubuntu/pythonProjects/AppSec103-203-FortiADC/content/03Chapter3/zap2.png,shortcode-ok,figure-shortcode
/home/ubuntu/pythonProjects/AppSec103-203-FortiADC/content/03Chapter3/8_Task7/index.md,zap-tool-4.png,/home/ubuntu/pythonProjects/AppSec103-203-FortiADC/content/03Chapter3/zap-tool-4.png,/home/ubuntu/pythonProjects/AppSec103-203-FortiADC/content/03Chapter3/zap-tool-4.png,shortcode-ok,figure-shortcode
/home/ubuntu/pythonProjects/AppSec103-203-FortiADC/content/03Chapter3/8_Task7/index.md,zap-tool-5.png,/home/ubuntu/pythonProjects/AppSec103-203-FortiADC/content/03Chapter3/zap-tool-5.png,/home/ubuntu/pythonProjects/AppSec103-203-FortiADC/content/03Chapter3/zap-tool-5.png,shortcode-ok,figure-shortcode
/home/ubuntu/pythonProjects/AppSec103-203-FortiADC/content/03Chapter3/8_Task7/index.md,zap-tool-7.png,/home/ubuntu/pythonProjects/AppSec103-203-FortiADC/content/03Chapter3/zap-tool-7.png,/home/ubuntu/pythonProjects/AppSec103-203-FortiADC/content/03Chapter3/zap-tool-7.png,shortcode-ok,figure-shortcode
/home/ubuntu/pythonProjects/AppSec103-203-FortiADC/content/03Chapter3/8_Task7/index.md,zap-tool-8.png,/home/ubuntu/pythonProjects/AppSec103-203-FortiADC/content/03Chapter3/zap-tool-8.png,/home/ubuntu/pythonProjects/AppSec103-203-FortiADC/content/03Chapter3/zap-tool-8.png,shortcode-ok,figure-shortcode
/home/ubuntu/pythonProjects/AppSec103-203-FortiADC/content/03Chapter3/2_Task1/index.md,URI-Request.png,/home/ubuntu/pythonProjects/AppSec103-203-FortiADC/content/03Chapter3/URI-Request.png,/home/ubuntu/pythonProjects/AppSec103-203-FortiADC/content/03Chapter3/2_Task1/URI-Request.png,dry-run,leaf
/home/ubuntu/pythonProjects/AppSec103-203-FortiADC/content/03Chapter3/2_Task1/index.md,URI-Request.png,/home/ubuntu/pythonProjects/AppSec103-203-FortiADC/content/03Chapter3/URI-Request.png,/home/ubuntu/pythonProjects/AppSec103-203-FortiADC/content/03Chapter3/URI-Request.png,shortcode-ok,figure-shortcode
/home/ubuntu/pythonProjects/AppSec103-203-FortiADC/content/05Application Access Gateway/7_Task6/index.md,aag21.png,/home/ubuntu/pythonProjects/AppSec103-203-FortiADC/content/05Application Access Gateway/aag21.png,/home/ubuntu/pythonProjects/AppSec103-203-FortiADC/content/05Application Access Gateway/7_Task6/aag21.png,dry-run,leaf
/home/ubuntu/pythonProjects/AppSec103-203-FortiADC/content/05Application Access Gateway/7_Task6/index.md,aag22.png,/home/ubuntu/pythonProjects/AppSec103-203-FortiADC/content/05Application Access Gateway/aag22.png,/home/ubuntu/pythonProjects/AppSec103-203-FortiADC/content/05Application Access Gateway/7_Task6/aag22.png,dry-run,leaf
/home/ubuntu/pythonProjects/AppSec103-203-FortiADC/content/05Application Access Gateway/7_Task6/index.md,aag23.png,/home/ubuntu/pythonProjects/AppSec103-203-FortiADC/content/05Application Access Gateway/aag23.png,/home/ubuntu/pythonProjects/AppSec103-203-FortiADC/content/05Application Access Gateway/7_Task6/aag23.png,dry-run,leaf
/home/ubuntu/pythonProjects/AppSec103-203-FortiADC/content/05Application Access Gateway/7_Task6/index.md,aag21.png,/home/ubuntu/pythonProjects/AppSec103-203-FortiADC/content/05Application Access Gateway/aag21.png,/home/ubuntu/pythonProjects/AppSec103-203-FortiADC/content/05Application Access Gateway/aag21.png,shortcode-ok,figure-shortcode
/home/ubuntu/pythonProjects/AppSec103-203-FortiADC/content/05Application Access Gateway/7_Task6/index.md,aag22.png,/home/ubuntu/pythonProjects/AppSec103-203-FortiADC/content/05Application Access Gateway/aag22.png,/home/ubuntu/pythonProjects/AppSec103-203-FortiADC/content/05Application Access Gateway/aag22.png,shortcode-ok,figure-shortcode
/home/ubuntu/pythonProjects/AppSec103-203-FortiADC/content/05Application Access Gateway/7_Task6/index.md,aag23.png,/home/ubuntu/pythonProjects/AppSec103-203-FortiADC/content/05Application Access Gateway/aag23.png,/home/ubuntu/pythonProjects/AppSec103-203-FortiADC/content/05Application Access Gateway/aag23.png,shortcode-ok,figure-shortcode
/home/ubuntu/pythonProjects/AppSec103-203-FortiADC/content/05Application Access Gateway/3_Task2/index.md,aag3.png,/home/ubuntu/pythonProjects/AppSec103-203-FortiADC/content/05Application Access Gateway/aag3.png,/home/ubuntu/pythonProjects/AppSec103-203-FortiADC/content/05Application Access Gateway/3_Task2/aag3.png,dry-run,leaf
/home/ubuntu/pythonProjects/AppSec103-203-FortiADC/content/05Application Access Gateway/3_Task2/index.md,aag4.png,/home/ubuntu/pythonProjects/AppSec103-203-FortiADC/content/05Application Access Gateway/aag4.png,/home/ubuntu/pythonProjects/AppSec103-203-FortiADC/content/05Application Access Gateway/3_Task2/aag4.png,dry-run,leaf
/home/ubuntu/pythonProjects/AppSec103-203-FortiADC/content/05Application Access Gateway/3_Task2/index.md,aag4a.png,/home/ubuntu/pythonProjects/AppSec103-203-FortiADC/content/05Application Access Gateway/aag4a.png,/home/ubuntu/pythonProjects/AppSec103-203-FortiADC/content/05Application Access Gateway/3_Task2/aag4a.png,dry-run,leaf
/home/ubuntu/pythonProjects/AppSec103-203-FortiADC/content/05Application Access Gateway/3_Task2/index.md,aag4b.png,/home/ubuntu/pythonProjects/AppSec103-203-FortiADC/content/05Application Access Gateway/aag4b.png,/home/ubuntu/pythonProjects/AppSec103-203-FortiADC/content/05Application Access Gateway/3_Task2/aag4b.png,dry-run,leaf
/home/ubuntu/pythonProjects/AppSec103-203-FortiADC/content/05Application Access Gateway/3_Task2/index.md,aag7.png,/home/ubuntu/pythonProjects/AppSec103-203-FortiADC/content/05Application Access Gateway/aag7.png,/home/ubuntu/pythonProjects/AppSec103-203-FortiADC/content/05Application Access Gateway/3_Task2/aag7.png,dry-run,leaf
/home/ubuntu/pythonProjects/AppSec103-203-FortiADC/content/05Application Access Gateway/3_Task2/index.md,aag7a.png,/home/ubuntu/pythonProjects/AppSec103-203-FortiADC/content/05Application Access Gateway/aag7a.png,/home/ubuntu/pythonProjects/AppSec103-203-FortiADC/content/05Application Access Gateway/3_Task2/aag7a.png,dry-run,leaf
/home/ubuntu/pythonProjects/AppSec103-203-FortiADC/content/05Application Access Gateway/3_Task2/index.md,aag5.png,/home/ubuntu/pythonProjects/AppSec103-203-FortiADC/content/05Application Access Gateway/aag5.png,/home/ubuntu/pythonProjects/AppSec103-203-FortiADC/content/05Application Access Gateway/3_Task2/aag5.png,dry-run,leaf
/home/ubuntu/pythonProjects/AppSec103-203-FortiADC/content/05Application Access Gateway/3_Task2/index.md,aag7a.png,/home/ubuntu/pythonProjects/AppSec103-203-FortiADC/content/05Application Access Gateway/aag7a.png,/home/ubuntu/pythonProjects/AppSec103-203-FortiADC/content/05Application Access Gateway/3_Task2/aag7a.png,dry-run,leaf
/home/ubuntu/pythonProjects/AppSec103-203-FortiADC/content/05Application Access Gateway/3_Task2/index.md,aag8.png,/home/ubuntu/pythonProjects/AppSec103-203-FortiADC/content/05Application Access Gateway/aag8.png,/home/ubuntu/pythonProjects/AppSec103-203-FortiADC/content/05Application Access Gateway/3_Task2/aag8.png,dry-run,leaf
/home/ubuntu/pythonProjects/AppSec103-203-FortiADC/content/05Application Access Gateway/3_Task2/index.md,aag8a.png,/home/ubuntu/pythonProjects/AppSec103-203-FortiADC/content/05Application Access Gateway/aag8a.png,/home/ubuntu/pythonProjects/AppSec103-203-FortiADC/content/05Application Access Gateway/3_Task2/aag8a.png,dry-run,leaf
/home/ubuntu/pythonProjects/AppSec103-203-FortiADC/content/05Application Access Gateway/3_Task2/index.md,aag9.png,/home/ubuntu/pythonProjects/AppSec103-203-FortiADC/content/05Application Access Gateway/aag9.png,/home/ubuntu/pythonProjects/AppSec103-203-FortiADC/content/05Application Access Gateway/3_Task2/aag9.png,dry-run,leaf
/home/ubuntu/pythonProjects/AppSec103-203-FortiADC/content/05Application Access Gateway/3_Task2/index.md,aag9a.png,/home/ubuntu/pythonProjects/AppSec103-203-FortiADC/content/05Application Access Gateway/aag9a.png,/home/ubuntu/pythonProjects/AppSec103-203-FortiADC/content/05Application Access Gateway/3_Task2/aag9a.png,dry-run,leaf
/home/ubuntu/pythonProjects/AppSec103-203-FortiADC/content/05Application Access Gateway/3_Task2/index.md,aag10.png,/home/ubuntu/pythonProjects/AppSec103-203-FortiADC/content/05Application Access Gateway/aag10.png,/home/ubuntu/pythonProjects/AppSec103-203-FortiADC/content/05Application Access Gateway/3_Task2/aag10.png,dry-run,leaf
/home/ubuntu/pythonProjects/AppSec103-203-FortiADC/content/05Application Access Gateway/3_Task2/index.md,aag3.png,/home/ubuntu/pythonProjects/AppSec103-203-FortiADC/content/05Application Access Gateway/aag3.png,/home/ubuntu/pythonProjects/AppSec103-203-FortiADC/content/05Application Access Gateway/aag3.png,shortcode-ok,figure-shortcode
/home/ubuntu/pythonProjects/AppSec103-203-FortiADC/content/05Application Access Gateway/3_Task2/index.md,aag4.png,/home/ubuntu/pythonProjects/AppSec103-203-FortiADC/content/05Application Access Gateway/aag4.png,/home/ubuntu/pythonProjects/AppSec103-203-FortiADC/content/05Application Access Gateway/aag4.png,shortcode-ok,figure-shortcode
/home/ubuntu/pythonProjects/AppSec103-203-FortiADC/content/05Application Access Gateway/3_Task2/index.md,aag4a.png,/home/ubuntu/pythonProjects/AppSec103-203-FortiADC/content/05Application Access Gateway/aag4a.png,/home/ubuntu/pythonProjects/AppSec103-203-FortiADC/content/05Application Access Gateway/aag4a.png,shortcode-ok,figure-shortcode
/home/ubuntu/pythonProjects/AppSec103-203-FortiADC/content/05Application Access Gateway/3_Task2/index.md,aag4b.png,/home/ubuntu/pythonProjects/AppSec103-203-FortiADC/content/05Application Access Gateway/aag4b.png,/home/ubuntu/pythonProjects/AppSec103-203-FortiADC/content/05Application Access Gateway/aag4b.png,shortcode-ok,figure-shortcode
/home/ubuntu/pythonProjects/AppSec103-203-FortiADC/content/05Application Access Gateway/3_Task2/index.md,aag7.png,/home/ubuntu/pythonProjects/AppSec103-203-FortiADC/content/05Application Access Gateway/aag7.png,/home/ubuntu/pythonProjects/AppSec103-203-FortiADC/content/05Application Access Gateway/aag7.png,shortcode-ok,figure-shortcode
/home/ubuntu/pythonProjects/AppSec103-203-FortiADC/content/05Application Access Gateway/3_Task2/index.md,aag7a.png,/home/ubuntu/pythonProjects/AppSec103-203-FortiADC/content/05Application Access Gateway/aag7a.png,/home/ubuntu/pythonProjects/AppSec103-203-FortiADC/content/05Application Access Gateway/aag7a.png,shortcode-ok,figure-shortcode
/home/ubuntu/pythonProjects/AppSec103-203-FortiADC/content/05Application Access Gateway/3_Task2/index.md,aag5.png,/home/ubuntu/pythonProjects/AppSec103-203-FortiADC/content/05Application Access Gateway/aag5.png,/home/ubuntu/pythonProjects/AppSec103-203-FortiADC/content/05Application Access Gateway/aag5.png,shortcode-ok,figure-shortcode
/home/ubuntu/pythonProjects/AppSec103-203-FortiADC/content/05Application Access Gateway/3_Task2/index.md,aag7a.png,/home/ubuntu/pythonProjects/AppSec103-203-FortiADC/content/05Application Access Gateway/aag7a.png,/home/ubuntu/pythonProjects/AppSec103-203-FortiADC/content/05Application Access Gateway/aag7a.png,shortcode-ok,figure-shortcode
/home/ubuntu/pythonProjects/AppSec103-203-FortiADC/content/05Application Access Gateway/3_Task2/index.md,aag8.png,/home/ubuntu/pythonProjects/AppSec103-203-FortiADC/content/05Application Access Gateway/aag8.png,/home/ubuntu/pythonProjects/AppSec103-203-FortiADC/content/05Application Access Gateway/aag8.png,shortcode-ok,figure-shortcode
/home/ubuntu/pythonProjects/AppSec103-203-FortiADC/content/05Application Access Gateway/3_Task2/index.md,aag8a.png,/home/ubuntu/pythonProjects/AppSec103-203-FortiADC/content/05Application Access Gateway/aag8a.png,/home/ubuntu/pythonProjects/AppSec103-203-FortiADC/content/05Application Access Gateway/aag8a.png,shortcode-ok,figure-shortcode
/home/ubuntu/pythonProjects/AppSec103-203-FortiADC/content/05Application Access Gateway/3_Task2/index.md,aag9.png,/home/ubuntu/pythonProjects/AppSec103-203-FortiADC/content/05Application Access Gateway/aag9.png,/home/ubuntu/pythonProjects/AppSec103-203-FortiADC/content/05Application Access Gateway/aag9.png,shortcode-ok,figure-shortcode
/home/ubuntu/pythonProjects/AppSec103-203-FortiADC/content/05Application Access Gateway/3_Task2/index.md,aag9a.png,/home/ubuntu/pythonProjects/AppSec103-203-FortiADC/content/05Application Access Gateway/aag9a.png,/home/ubuntu/pythonProjects/AppSec103-203-FortiADC/content/05Application Access Gateway/aag9a.png,shortcode-ok,figure-shortcode
/home/ubuntu/pythonProjects/AppSec103-203-FortiADC/content/05Application Access Gateway/3_Task2/index.md,aag10.png,/home/ubuntu/pythonProjects/AppSec103-203-FortiADC/content/05Application Access Gateway/aag10.png,/home/ubuntu/pythonProjects/AppSec103-203-FortiADC/content/05Application Access Gateway/aag10.png,shortcode-ok,figure-shortcode
/home/ubuntu/pythonProjects/AppSec103-203-FortiADC/content/05Application Access Gateway/6_Task5/index.md,aag16.png,/home/ubuntu/pythonProjects/AppSec103-203-FortiADC/content/05Application Access Gateway/aag16.png,/home/ubuntu/pythonProjects/AppSec103-203-FortiADC/content/05Application Access Gateway/6_Task5/aag16.png,dry-run,leaf
/home/ubuntu/pythonProjects/AppSec103-203-FortiADC/content/05Application Access Gateway/6_Task5/index.md,aag17.png,/home/ubuntu/pythonProjects/AppSec103-203-FortiADC/content/05Application Access Gateway/aag17.png,/home/ubuntu/pythonProjects/AppSec103-203-FortiADC/content/05Application Access Gateway/6_Task5/aag17.png,dry-run,leaf
/home/ubuntu/pythonProjects/AppSec103-203-FortiADC/content/05Application Access Gateway/6_Task5/index.md,aag18.png,/home/ubuntu/pythonProjects/AppSec103-203-FortiADC/content/05Application Access Gateway/aag18.png,/home/ubuntu/pythonProjects/AppSec103-203-FortiADC/content/05Application Access Gateway/6_Task5/aag18.png,dry-run,leaf
/home/ubuntu/pythonProjects/AppSec103-203-FortiADC/content/05Application Access Gateway/6_Task5/index.md,aag19.png,/home/ubuntu/pythonProjects/AppSec103-203-FortiADC/content/05Application Access Gateway/aag19.png,/home/ubuntu/pythonProjects/AppSec103-203-FortiADC/content/05Application Access Gateway/6_Task5/aag19.png,dry-run,leaf
/home/ubuntu/pythonProjects/AppSec103-203-FortiADC/content/05Application Access Gateway/6_Task5/index.md,aag20.png,/home/ubuntu/pythonProjects/AppSec103-203-FortiADC/content/05Application Access Gateway/aag20.png,/home/ubuntu/pythonProjects/AppSec103-203-FortiADC/content/05Application Access Gateway/6_Task5/aag20.png,dry-run,leaf
/home/ubuntu/pythonProjects/AppSec103-203-FortiADC/content/05Application Access Gateway/6_Task5/index.md,aag16.png,/home/ubuntu/pythonProjects/AppSec103-203-FortiADC/content/05Application Access Gateway/aag16.png,/home/ubuntu/pythonProjects/AppSec103-203-FortiADC/content/05Application Access Gateway/aag16.png,shortcode-ok,figure-shortcode
/home/ubuntu/pythonProjects/AppSec103-203-FortiADC/content/05Application Access Gateway/6_Task5/index.md,aag17.png,/home/ubuntu/pythonProjects/AppSec103-203-FortiADC/content/05Application Access Gateway/aag17.png,/home/ubuntu/pythonProjects/AppSec103-203-FortiADC/content/05Application Access Gateway/aag17.png,shortcode-ok,figure-shortcode
/home/ubuntu/pythonProjects/AppSec103-203-FortiADC/content/05Application Access Gateway/6_Task5/index.md,aag18.png,/home/ubuntu/pythonProjects/AppSec103-203-FortiADC/content/05Application Access Gateway/aag18.png,/home/ubuntu/pythonProjects/AppSec103-203-FortiADC/content/05Application Access Gateway/aag18.png,shortcode-ok,figure-shortcode
/home/ubuntu/pythonProjects/AppSec103-203-FortiADC/content/05Application Access Gateway/6_Task5/index.md,aag19.png,/home/ubuntu/pythonProjects/AppSec103-203-FortiADC/content/05Application Access Gateway/aag19.png,/home/ubuntu/pythonProjects/AppSec103-203-FortiADC/content/05Application Access Gateway/aag19.png,shortcode-ok,figure-shortcode
/home/ubuntu/pythonProjects/AppSec103-203-FortiADC/content/05Application Access Gateway/6_Task5/index.md,aag20.png,/home/ubuntu/pythonProjects/AppSec103-203-FortiADC/content/05Application Access Gateway/aag20.png,/home/ubuntu/pythonProjects/AppSec103-203-FortiADC/content/05Application Access Gateway/aag20.png,shortcode-ok,figure-shortcode
/home/ubuntu/pythonProjects/AppSec103-203-FortiADC/content/05Application Access Gateway/5_Task4/index.md,aag14.png,/home/ubuntu/pythonProjects/AppSec103-203-FortiADC/content/05Application Access Gateway/aag14.png,/home/ubuntu/pythonProjects/AppSec103-203-FortiADC/content/05Application Access Gateway/5_Task4/aag14.png,dry-run,leaf
/home/ubuntu/pythonProjects/AppSec103-203-FortiADC/content/05Application Access Gateway/5_Task4/index.md,aag15.png,/home/ubuntu/pythonProjects/AppSec103-203-FortiADC/content/05Application Access Gateway/aag15.png,/home/ubuntu/pythonProjects/AppSec103-203-FortiADC/content/05Application Access Gateway/5_Task4/aag15.png,dry-run,leaf
/home/ubuntu/pythonProjects/AppSec103-203-FortiADC/content/05Application Access Gateway/5_Task4/index.md,aag14.png,/home/ubuntu/pythonProjects/AppSec103-203-FortiADC/content/05Application Access Gateway/aag14.png,/home/ubuntu/pythonProjects/AppSec103-203-FortiADC/content/05Application Access Gateway/aag14.png,shortcode-ok,figure-shortcode
/home/ubuntu/pythonProjects/AppSec103-203-FortiADC/content/05Application Access Gateway/5_Task4/index.md,aag15.png,/home/ubuntu/pythonProjects/AppSec103-203-FortiADC/content/05Application Access Gateway/aag15.png,/home/ubuntu/pythonProjects/AppSec103-203-FortiADC/content/05Application Access Gateway/aag15.png,shortcode-ok,figure-shortcode
/home/ubuntu/pythonProjects/AppSec103-203-FortiADC/content/05Application Access Gateway/4_Task3/index.md,aag11.png,/home/ubuntu/pythonProjects/AppSec103-203-FortiADC/content/05Application Access Gateway/aag11.png,/home/ubuntu/pythonProjects/AppSec103-203-FortiADC/content/05Application Access Gateway/4_Task3/aag11.png,dry-run,leaf
/home/ubuntu/pythonProjects/AppSec103-203-FortiADC/content/05Application Access Gateway/4_Task3/index.md,aag12.png,/home/ubuntu/pythonProjects/AppSec103-203-FortiADC/content/05Application Access Gateway/aag12.png,/home/ubuntu/pythonProjects/AppSec103-203-FortiADC/content/05Application Access Gateway/4_Task3/aag12.png,dry-run,leaf
/home/ubuntu/pythonProjects/AppSec103-203-FortiADC/content/05Application Access Gateway/4_Task3/index.md,aag13.png,/home/ubuntu/pythonProjects/AppSec103-203-FortiADC/content/05Application Access Gateway/aag13.png,/home/ubuntu/pythonProjects/AppSec103-203-FortiADC/content/05Application Access Gateway/4_Task3/aag13.png,dry-run,leaf
/home/ubuntu/pythonProjects/AppSec103-203-FortiADC/content/05Application Access Gateway/4_Task3/index.md,aag11.png,/home/ubuntu/pythonProjects/AppSec103-203-FortiADC/content/05Application Access Gateway/aag11.png,/home/ubuntu/pythonProjects/AppSec103-203-FortiADC/content/05Application Access Gateway/aag11.png,shortcode-ok,figure-shortcode
/home/ubuntu/pythonProjects/AppSec103-203-FortiADC/content/05Application Access Gateway/4_Task3/index.md,aag12.png,/home/ubuntu/pythonProjects/AppSec103-203-FortiADC/content/05Application Access Gateway/aag12.png,/home/ubuntu/pythonProjects/AppSec103-203-FortiADC/content/05Application Access Gateway/aag12.png,shortcode-ok,figure-shortcode
/home/ubuntu/pythonProjects/AppSec103-203-FortiADC/content/05Application Access Gateway/4_Task3/index.md,aag13.png,/home/ubuntu/pythonProjects/AppSec103-203-FortiADC/content/05Application Access Gateway/aag13.png,/home/ubuntu/pythonProjects/AppSec103-203-FortiADC/content/05Application Access Gateway/aag13.png,shortcode-ok,figure-shortcode
/home/ubuntu/pythonProjects/AppSec103-203-FortiADC/content/05Application Access Gateway/8_Task7/index.md,aag24.png,/home/ubuntu/pythonProjects/AppSec103-203-FortiADC/content/05Application Access Gateway/aag24.png,/home/ubuntu/pythonProjects/AppSec103-203-FortiADC/content/05Application Access Gateway/8_Task7/aag24.png,dry-run,leaf
/home/ubuntu/pythonProjects/AppSec103-203-FortiADC/content/05Application Access Gateway/8_Task7/index.md,aag25.png,/home/ubuntu/pythonProjects/AppSec103-203-FortiADC/content/05Application Access Gateway/aag25.png,/home/ubuntu/pythonProjects/AppSec103-203-FortiADC/content/05Application Access Gateway/8_Task7/aag25.png,dry-run,leaf
/home/ubuntu/pythonProjects/AppSec103-203-FortiADC/content/05Application Access Gateway/8_Task7/index.md,aag26.png,/home/ubuntu/pythonProjects/AppSec103-203-FortiADC/content/05Application Access Gateway/aag26.png,/home/ubuntu/pythonProjects/AppSec103-203-FortiADC/content/05Application Access Gateway/8_Task7/aag26.png,dry-run,leaf
/home/ubuntu/pythonProjects/AppSec103-203-FortiADC/content/05Application Access Gateway/8_Task7/index.md,aag27.png,/home/ubuntu/pythonProjects/AppSec103-203-FortiADC/content/05Application Access Gateway/aag27.png,/home/ubuntu/pythonProjects/AppSec103-203-FortiADC/content/05Application Access Gateway/8_Task7/aag27.png,dry-run,leaf
/home/ubuntu/pythonProjects/AppSec103-203-FortiADC/content/05Application Access Gateway/8_Task7/index.md,aag28.png,/home/ubuntu/pythonProjects/AppSec103-203-FortiADC/content/05Application Access Gateway/aag28.png,/home/ubuntu/pythonProjects/AppSec103-203-FortiADC/content/05Application Access Gateway/8_Task7/aag28.png,dry-run,leaf
/home/ubuntu/pythonProjects/AppSec103-203-FortiADC/content/05Application Access Gateway/8_Task7/index.md,aag24.png,/home/ubuntu/pythonProjects/AppSec103-203-FortiADC/content/05Application Access Gateway/aag24.png,/home/ubuntu/pythonProjects/AppSec103-203-FortiADC/content/05Application Access Gateway/aag24.png,shortcode-ok,figure-shortcode
/home/ubuntu/pythonProjects/AppSec103-203-FortiADC/content/05Application Access Gateway/8_Task7/index.md,aag25.png,/home/ubuntu/pythonProjects/AppSec103-203-FortiADC/content/05Application Access Gateway/aag25.png,/home/ubuntu/pythonProjects/AppSec103-203-FortiADC/content/05Application Access Gateway/aag25.png,shortcode-ok,figure-shortcode
/home/ubuntu/pythonProjects/AppSec103-203-FortiADC/content/05Application Access Gateway/8_Task7/index.md,aag26.png,/home/ubuntu/pythonProjects/AppSec103-203-FortiADC/content/05Application Access Gateway/aag26.png,/home/ubuntu/pythonProjects/AppSec103-203-FortiADC/content/05Application Access Gateway/aag26.png,shortcode-ok,figure-shortcode
/home/ubuntu/pythonProjects/AppSec103-203-FortiADC/content/05Application Access Gateway/8_Task7/index.md,aag27.png,/home/ubuntu/pythonProjects/AppSec103-203-FortiADC/content/05Application Access Gateway/aag27.png,/home/ubuntu/pythonProjects/AppSec103-203-FortiADC/content/05Application Access Gateway/aag27.png,shortcode-ok,figure-shortcode
/home/ubuntu/pythonProjects/AppSec103-203-FortiADC/content/05Application Access Gateway/8_Task7/index.md,aag28.png,/home/ubuntu/pythonProjects/AppSec103-203-FortiADC/content/05Application Access Gateway/aag28.png,/home/ubuntu/pythonProjects/AppSec103-203-FortiADC/content/05Application Access Gateway/aag28.png,shortcode-ok,figure-shortcode
/home/ubuntu/pythonProjects/AppSec103-203-FortiADC/content/05Application Access Gateway/_index.md,aag.png,/home/ubuntu/pythonProjects/AppSec103-203-FortiADC/content/05Application Access Gateway/aag.png,/home/ubuntu/pythonProjects/AppSec103-203-FortiADC/content/05Application Access Gateway/aag.png,exists,section
/home/ubuntu/pythonProjects/AppSec103-203-FortiADC/content/05Application Access Gateway/_index.md,aag1.png,/home/ubuntu/pythonProjects/AppSec103-203-FortiADC/content/05Application Access Gateway/aag1.png,/home/ubuntu/pythonProjects/AppSec103-203-FortiADC/content/05Application Access Gateway/aag1.png,exists,section
/home/ubuntu/pythonProjects/AppSec103-203-FortiADC/content/05Application Access Gateway/_index.md,aag6.png,/home/ubuntu/pythonProjects/AppSec103-203-FortiADC/content/05Application Access Gateway/aag6.png,/home/ubuntu/pythonProjects/AppSec103-203-FortiADC/content/05Application Access Gateway/aag6.png,exists,section
/home/ubuntu/pythonProjects/AppSec103-203-FortiADC/content/05Application Access Gateway/_index.md,aag.png,/home/ubuntu/pythonProjects/AppSec103-203-FortiADC/content/05Application Access Gateway/aag.png,/home/ubuntu/pythonProjects/AppSec103-203-FortiADC/content/05Application Access Gateway/aag.png,shortcode-ok,figure-shortcode
/home/ubuntu/pythonProjects/AppSec103-203-FortiADC/content/05Application Access Gateway/_index.md,aag1.png,/home/ubuntu/pythonProjects/AppSec103-203-FortiADC/content/05Application Access Gateway/aag1.png,/home/ubuntu/pythonProjects/AppSec103-203-FortiADC/content/05Application Access Gateway/aag1.png,shortcode-ok,figure-shortcode
/home/ubuntu/pythonProjects/AppSec103-203-FortiADC/content/05Application Access Gateway/_index.md,aag6.png,/home/ubuntu/pythonProjects/AppSec103-203-FortiADC/content/05Application Access Gateway/aag6.png,/home/ubuntu/pythonProjects/AppSec103-203-FortiADC/content/05Application Access Gateway/aag6.png,shortcode-ok,figure-shortcode
/home/ubuntu/pythonProjects/AppSec103-203-FortiADC/content/03Chapter3/logs-dashboard-1.png,,/home/ubuntu/pythonProjects/AppSec103-203-FortiADC/content/03Chapter3/logs-dashboard-1.png,,unused-dry-run,unused
/home/ubuntu/pythonProjects/AppSec103-203-FortiADC/content/03Chapter3/logs-dashboard-3.png,,/home/ubuntu/pythonProjects/AppSec103-203-FortiADC/content/03Chapter3/logs-dashboard-3.png,,unused-dry-run,unused
/home/ubuntu/pythonProjects/AppSec103-203-FortiADC/content/03Chapter3/zap-tool-6.png,,/home/ubuntu/pythonProjects/AppSec103-203-FortiADC/content/03Chapter3/zap-tool-6.png,,unused-dry-run,unused
/home/ubuntu/pythonProjects/AppSec103-203-FortiADC/content/03Chapter3/logs-dashboard-2.png,,/home/ubuntu/pythonProjects/AppSec103-203-FortiADC/content/03Chapter3/logs-dashboard-2.png,,unused-dry-run,unused
/home/ubuntu/pythonProjects/AppSec103-203-FortiADC/content/05Application Access Gateway/aag-qlg-aag.png,,/home/ubuntu/pythonProjects/AppSec103-203-FortiADC/content/05Application Access Gateway/aag-qlg-aag.png,,unused-dry-run,unused
/home/ubuntu/pythonProjects/AppSec103-203-FortiADC/content/05Application Access Gateway/fad-vs.png,,/home/ubuntu/pythonProjects/AppSec103-203-FortiADC/content/05Application Access Gateway/fad-vs.png,,unused-dry-run,unused
/home/ubuntu/pythonProjects/AppSec103-203-FortiADC/content/05Application Access Gateway/aag-qlg-vs-monitoring.png,,/home/ubuntu/pythonProjects/AppSec103-203-FortiADC/content/05Application Access Gateway/aag-qlg-vs-monitoring.png,,unused-dry-run,unused
/home/ubuntu/pythonProjects/AppSec103-203-FortiADC/content/05Application Access Gateway/aag-qlg-app-group.png,,/home/ubuntu/pythonProjects/AppSec103-203-FortiADC/content/05Application Access Gateway/aag-qlg-app-group.png,,unused-dry-run,unused
/home/ubuntu/pythonProjects/AppSec103-203-FortiADC/content/05Application Access Gateway/aag-qlg-fortiview.png,,/home/ubuntu/pythonProjects/AppSec103-203-FortiADC/content/05Application Access Gateway/aag-qlg-fortiview.png,,unused-dry-run,unused
/home/ubuntu/pythonProjects/AppSec103-203-FortiADC/content/05Application Access Gateway/aag-qlg-app-access-adv.png,,/home/ubuntu/pythonProjects/AppSec103-203-FortiADC/content/05Application Access Gateway/aag-qlg-app-access-adv.png,,unused-dry-run,unused
/home/ubuntu/pythonProjects/AppSec103-203-FortiADC/content/05Application Access Gateway/aag-qlg.png,,/home/ubuntu/pythonProjects/AppSec103-203-FortiADC/content/05Application Access Gateway/aag-qlg.png,,unused-dry-run,unused
/home/ubuntu/pythonProjects/AppSec103-203-FortiADC/content/05Application Access Gateway/aag-qlg-user-group-form.png,,/home/ubuntu/pythonProjects/AppSec103-203-FortiADC/content/05Application Access Gateway/aag-qlg-user-group-form.png,,unused-dry-run,unused
/home/ubuntu/pythonProjects/AppSec103-203-FortiADC/content/05Application Access Gateway/aag-qlg-user-form1.png,,/home/ubuntu/pythonProjects/AppSec103-203-FortiADC/content/05Application Access Gateway/aag-qlg-user-form1.png,,unused-dry-run,unused
/home/ubuntu/pythonProjects/AppSec103-203-FortiADC/content/05Application Access Gateway/aag-qlg-access-policy1.png,,/home/ubuntu/pythonProjects/AppSec103-203-FortiADC/content/05Application Access Gateway/aag-qlg-access-policy1.png,,unused-dry-run,unused
/home/ubuntu/pythonProjects/AppSec103-203-FortiADC/content/05Application Access Gateway/aag-qlg-vs-gen.png,,/home/ubuntu/pythonProjects/AppSec103-203-FortiADC/content/05Application Access Gateway/aag-qlg-vs-gen.png,,unused-dry-run,unused
/home/ubuntu/pythonProjects/AppSec103-203-FortiADC/content/05Application Access Gateway/aag-qlg-app-portal-access.png,,/home/ubuntu/pythonProjects/AppSec103-203-FortiADC/content/05Application Access Gateway/aag-qlg-app-portal-access.png,,unused-dry-run,unused
/home/ubuntu/pythonProjects/AppSec103-203-FortiADC/content/05Application Access Gateway/aag-qlg-app-portal.png,,/home/ubuntu/pythonProjects/AppSec103-203-FortiADC/content/05Application Access Gateway/aag-qlg-app-portal.png,,unused-dry-run,unused
/home/ubuntu/pythonProjects/AppSec103-203-FortiADC/content/05Application Access Gateway/aag-qlg-user-form2.png,,/home/ubuntu/pythonProjects/AppSec103-203-FortiADC/content/05Application Access Gateway/aag-qlg-user-form2.png,,unused-dry-run,unused
/home/ubuntu/pythonProjects/AppSec103-203-FortiADC/content/05Application Access Gateway/aag-qlg-vs1.png,,/home/ubuntu/pythonProjects/AppSec103-203-FortiADC/content/05Application Access Gateway/aag-qlg-vs1.png,,unused-dry-run,unused
/home/ubuntu/pythonProjects/AppSec103-203-FortiADC/content/05Application Access Gateway/aag-qlg-local-user.png,,/home/ubuntu/pythonProjects/AppSec103-203-FortiADC/content/05Application Access Gateway/aag-qlg-local-user.png,,unused-dry-run,unused
/home/ubuntu/pythonProjects/AppSec103-203-FortiADC/content/05Application Access Gateway/aag-qlg-aag-app-portal2.png,,/home/ubuntu/pythonProjects/AppSec103-203-FortiADC/content/05Application Access Gateway/aag-qlg-aag-app-portal2.png,,unused-dry-run,unused
/home/ubuntu/pythonProjects/AppSec103-203-FortiADC/content/05Application Access Gateway/aag-qlg-dvwa-ssh.png,,/home/ubuntu/pythonProjects/AppSec103-203-FortiADC/content/05Application Access Gateway/aag-qlg-dvwa-ssh.png,,unused-dry-run,unused
/home/ubuntu/pythonProjects/AppSec103-203-FortiADC/content/05Application Access Gateway/aag-qlg-access-policy.png,,/home/ubuntu/pythonProjects/AppSec103-203-FortiADC/content/05Application Access Gateway/aag-qlg-access-policy.png,,unused-dry-run,unused
/home/ubuntu/pythonProjects/AppSec103-203-FortiADC/content/05Application Access Gateway/aag-qlg-vs.png,,/home/ubuntu/pythonProjects/AppSec103-203-FortiADC/content/05Application Access Gateway/aag-qlg-vs.png,,unused-dry-run,unused
/home/ubuntu/pythonProjects/AppSec103-203-FortiADC/content/05Application Access Gateway/aag-qlg-user-form.png,,/home/ubuntu/pythonProjects/AppSec103-203-FortiADC/content/05Application Access Gateway/aag-qlg-user-form.png,,unused-dry-run,unused
/home/ubuntu/pythonProjects/AppSec103-203-FortiADC/content/05Application Access Gateway/aag-qlg-portal-users.png,,/home/ubuntu/pythonProjects/AppSec103-203-FortiADC/content/05Application Access Gateway/aag-qlg-portal-users.png,,unused-dry-run,unused
/home/ubuntu/pythonProjects/AppSec103-203-FortiADC/content/05Application Access Gateway/aag-qlg-user1.png,,/home/ubuntu/pythonProjects/AppSec103-203-FortiADC/content/05Application Access Gateway/aag-qlg-user1.png,,unused-dry-run,unused
